tree_id,site_order,permit_notes,site_info,plant_type,plant_date
44922,195,Permit Number 43922,Sidewalk: Curb side : Cutout,Tree,2001-04-25 00:00:00 UTC
48100,284,Permit Number 45761,Sidewalk: Curb side : Cutout,Tree,2002-07-17 00:00:00 UTC
48229,11,Permit Number 45761,Sidewalk: Curb side : Cutout,Tree,2002-07-17 00:00:00 UTC
36850,4,Permit Number 39538,Sidewalk: Curb side : Cutout,Tree,1998-05-26 00:00:00 UTC
48139,249,Permit Number 45761,Sidewalk: Curb side : Cutout,Tree,2002-07-17 00:00:00 UTC
44589,117,Permit Number 43835,Sidewalk: Curb side : Cutout,Tree,2001-04-29 00:00:00 UTC
48233,17,Permit Number 45761,Sidewalk: Curb side : Cutout,Tree,2002-07-17 00:00:00 UTC
58779,1,Permit Number 18022,Sidewalk: Curb side : Cutout,Tree,1979-08-20 00:00:00 UTC
45962,220,Permit Number 44451,Sidewalk: Curb side : Cutout,Tree,2001-12-06 00:00:00 UTC
48258,106,Permit Number 45761,Sidewalk: Curb side : Cutout,Tree,2002-07-17 00:00:00 UTC
48062,221,Permit Number 45761,Sidewalk: Curb side : Cutout,Tree,2002-07-17 00:00:00 UTC
48162,272,Permit Number 45761,Sidewalk: Curb side : Cutout,Tree,2002-07-17 00:00:00 UTC
44711,85,Permit Number 43835,Sidewalk: Curb side : Cutout,Tree,2001-04-29 00:00:00 UTC
35285,4,Permit Number 38758,Sidewalk: Curb side : Cutout,Tree,1998-02-17 00:00:00 UTC
44913,186,Permit Number 43922,Sidewalk: Curb side : Cutout,Tree,2001-04-25 00:00:00 UTC
44634,162,Permit Number 43835,Sidewalk: Curb side : Cutout,Tree,2001-04-29 00:00:00 UTC
44585,139,Permit Number 43835,Sidewalk: Curb side : Cutout,Tree,2001-04-29 00:00:00 UTC
44859,19,Permit Number 43922,Sidewalk: Curb side : Cutout,Tree,2001-04-25 00:00:00 UTC
46042,107,Permit Number 44451,Sidewalk: Curb side : Cutout,Tree,2001-12-06 00:00:00 UTC
43485,5,Permit Number 43169,Sidewalk: Curb side : Cutout,Tree,2000-07-19 00:00:00 UTC
48265,129,Permit Number 45761,Sidewalk: Curb side : Cutout,Tree,2002-07-17 00:00:00 UTC
44612,176,Permit Number 43835,Sidewalk: Curb side : Cutout,Tree,2001-04-29 00:00:00 UTC
44652,72,Permit Number 43835,Sidewalk: Curb side : Cutout,Tree,2001-04-29 00:00:00 UTC
34918,2,Permit Number 38517,Sidewalk: Curb side : Cutout,Tree,
34103,4,Permit Number 37975,Sidewalk: Curb side : Cutout,Tree,1997-07-05 00:00:00 UTC
48301,167,Permit Number 45761,Sidewalk: Curb side : Cutout,Tree,2002-07-17 00:00:00 UTC
44680,100,Permit Number 43835,Sidewalk: Curb side : Cutout,Tree,2001-04-29 00:00:00 UTC
44613,167,Permit Number 43835,Sidewalk: Curb side : Cutout,Tree,2001-04-29 00:00:00 UTC
48259,123,Permit Number 45761,Sidewalk: Curb side : Cutout,Tree,2002-07-17 00:00:00 UTC
84714,8,Permit No. 49325,Sidewalk: Curb side : Cutout,Tree,2007-05-17 00:00:00 UTC
53089,2,Permit Number 49055,Sidewalk: Curb side : Cutout,Tree,2006-10-30 00:00:00 UTC
48099,209,Permit Number 45761,Sidewalk: Curb side : Cutout,Tree,2002-07-17 00:00:00 UTC
31846,1,Permit Number 35298,Sidewalk: Curb side : Cutout,Tree,1995-06-19 00:00:00 UTC
48098,208,Permit Number 45761,Sidewalk: Curb side : Cutout,Tree,2002-07-17 00:00:00 UTC
48212,55,Permit Number 45761,Sidewalk: Curb side : Cutout,Tree,2002-07-17 00:00:00 UTC
44907,141,Permit Number 43922,Sidewalk: Curb side : Cutout,Tree,2001-04-25 00:00:00 UTC
48840,3,Permit Number 46057,Sidewalk: Curb side : Cutout,Tree,2002-11-08 00:00:00 UTC
45861,97,Permit Number 44451,Sidewalk: Curb side : Cutout,Tree,2001-12-06 00:00:00 UTC
45004,116,Permit Number 43922,Sidewalk: Curb side : Cutout,Tree,2001-04-25 00:00:00 UTC
51068,1,Permit Number 47530,Sidewalk: Curb side : Cutout,Tree,2004-07-14 00:00:00 UTC
48319,185,Permit Number 45761,Sidewalk: Curb side : Cutout,Tree,2002-07-17 00:00:00 UTC
44950,73,Permit Number 43922,Sidewalk: Curb side : Cutout,Tree,2001-04-25 00:00:00 UTC
44533,36,Permit Number 43835,Sidewalk: Curb side : Cutout,Tree,2001-04-29 00:00:00 UTC
35697,8,Permit Number 38993,Sidewalk: Curb side : Cutout,Tree,1998-04-10 00:00:00 UTC
45916,51,Permit Number 44451,Sidewalk: Curb side : Cutout,Tree,2001-12-06 00:00:00 UTC
36563,2,Permit Number 39428,Sidewalk: Curb side : Cutout,Tree,1998-05-19 00:00:00 UTC
50775,2,Permit Number 47304,Sidewalk: Curb side : Cutout,Tree,
34123,2,Permit Number 37981,Sidewalk: Curb side : Cutout,Tree,1997-07-05 00:00:00 UTC
33087,6,Permit Number 37336,Sidewalk: Curb side : Cutout,Tree,1996-11-05 00:00:00 UTC
47478,4,Permit Number 45375,Sidewalk: Curb side : Cutout,Tree,2002-05-14 00:00:00 UTC
46073,2,Permit Number 44455,Sidewalk: Curb side : Cutout,Tree,2001-12-12 00:00:00 UTC
46721,1,Permit Number 44843,Sidewalk: Curb side : Cutout,Tree,2002-04-24 00:00:00 UTC
48295,105,Permit Number 45761,Sidewalk: Curb side : Cutout,Tree,2002-07-17 00:00:00 UTC
36644,10,Permit Number 39461,Sidewalk: Curb side : Cutout,Tree,1998-05-20 00:00:00 UTC
30484,5,Permit Number 147,Sidewalk: Curb side : Cutout,Tree,1956-09-05 00:00:00 UTC
44837,11,Permit Number 43922,Sidewalk: Curb side : Cutout,Tree,2001-04-25 00:00:00 UTC
46152,2,Permit Number 44491,Sidewalk: Curb side : Cutout,Tree,2001-12-27 00:00:00 UTC
44699,83,Permit Number 43835,Sidewalk: Curb side : Cutout,Tree,2001-04-29 00:00:00 UTC
46286,6,Permit Number 44564,Sidewalk: Curb side : Cutout,Tree,2002-01-31 00:00:00 UTC
44653,73,Permit Number 43835,Sidewalk: Curb side : Cutout,Tree,2001-04-29 00:00:00 UTC
44546,32,Permit Number 43835,Sidewalk: Curb side : Cutout,Tree,2001-04-29 00:00:00 UTC
45874,28,Permit Number 44451,Sidewalk: Curb side : Cutout,Tree,2001-12-06 00:00:00 UTC
48133,31,Permit Number 45761,Sidewalk: Curb side : Cutout,Tree,2002-07-17 00:00:00 UTC
65152,1,Permit Number 27130,Sidewalk: Curb side : Cutout,Tree,1989-06-26 00:00:00 UTC
59633,1,Permit Number 19041,Sidewalk: Curb side : Cutout,Tree,1981-03-12 00:00:00 UTC
48159,269,Permit Number 45761,Sidewalk: Curb side : Cutout,Tree,2002-07-17 00:00:00 UTC
34235,1,Permit Number 38048,Sidewalk: Curb side : Cutout,Tree,1997-06-30 00:00:00 UTC
34921,1,Permit Number 38517,Sidewalk: Curb side : Cutout,Tree,
44876,149,Permit Number 43922,Sidewalk: Curb side : Cutout,Tree,2001-04-25 00:00:00 UTC
48483,3,Permit Number 45832,Sidewalk: Curb side : Cutout,Tree,2002-08-15 00:00:00 UTC
48488,5,Permit Number 45832,Sidewalk: Curb side : Cutout,Tree,
45848,78,Permit Number 44451,Sidewalk: Curb side : Cutout,Tree,2001-12-06 00:00:00 UTC
48202,45,Permit Number 45761,Sidewalk: Curb side : Cutout,Tree,2002-07-17 00:00:00 UTC
48217,29,Permit Number 45761,Sidewalk: Curb side : Cutout,Tree,2002-07-17 00:00:00 UTC
36852,6,Permit Number 39538,Sidewalk: Curb side : Cutout,Tree,1998-05-26 00:00:00 UTC
48196,38,Permit Number 45761,Sidewalk: Curb side : Cutout,Tree,2002-07-17 00:00:00 UTC
48252,116,Permit Number 45761,Sidewalk: Curb side : Cutout,Tree,2002-07-17 00:00:00 UTC
34903,4,Permit Number 38505,Sidewalk: Curb side : Cutout,Tree,1997-09-05 00:00:00 UTC
34002,1,Permit Number 37940,Sidewalk: Curb side : Cutout,Tree,
34138,2,Permit Number 37987,Sidewalk: Curb side : Cutout,Tree,1997-07-05 00:00:00 UTC
44635,163,Permit Number 43835,Sidewalk: Curb side : Cutout,Tree,2001-04-29 00:00:00 UTC
44977,49,Permit Number 43922,Sidewalk: Curb side : Cutout,Tree,2001-04-25 00:00:00 UTC
34919,5,Permit Number 38517,Sidewalk: Curb side : Cutout,Tree,
45923,60,Permit Number 44451,Sidewalk: Curb side : Cutout,Tree,2001-12-06 00:00:00 UTC
48147,257,Permit Number 45761,Sidewalk: Curb side : Cutout,Tree,2002-07-17 00:00:00 UTC
48330,140,Permit Number 45761,Sidewalk: Curb side : Cutout,Tree,2002-07-17 00:00:00 UTC
48096,206,Permit Number 45761,Sidewalk: Curb side : Cutout,Tree,2002-07-17 00:00:00 UTC
34333,11,Permit Number 38095,Sidewalk: Curb side : Cutout,Tree,1997-07-14 00:00:00 UTC
48166,59,Permit Number 45761,Sidewalk: Curb side : Cutout,Tree,2002-07-17 00:00:00 UTC
44993,105,Permit Number 43922,Sidewalk: Curb side : Cutout,Tree,2001-04-25 00:00:00 UTC
34325,1,Permit Number 38095,Sidewalk: Curb side : Cutout,Tree,1997-07-14 00:00:00 UTC
57309,1,Permit Number 16131,Sidewalk: Curb side : Cutout,Tree,1976-08-27 00:00:00 UTC
44567,2,Permit Number 43835,Sidewalk: Curb side : Cutout,Tree,2001-04-29 00:00:00 UTC
46857,1,Permit Number 44926,Sidewalk: Curb side : Cutout,Tree,2002-04-25 00:00:00 UTC
44853,36,Permit Number 43922,Sidewalk: Curb side : Cutout,Tree,2001-04-25 00:00:00 UTC
45025,98,Permit Number 43922,Sidewalk: Curb side : Cutout,Tree,2001-04-25 00:00:00 UTC
46307,20,Permit Number 44564,Sidewalk: Curb side : Cutout,Tree,2002-01-31 00:00:00 UTC
36632,1,Permit Number 39461,Sidewalk: Curb side : Cutout,Tree,1998-05-20 00:00:00 UTC
46146,1,Permit Number 44490,Sidewalk: Curb side : Cutout,Tree,2001-12-27 00:00:00 UTC
35693,3,Permit Number 38993,Sidewalk: Curb side : Cutout,Tree,1998-04-10 00:00:00 UTC
45918,64,Permit Number 44451,Sidewalk: Curb side : Cutout,Tree,2001-12-06 00:00:00 UTC
31848,3,Permit Number 35298,Sidewalk: Curb side : Cutout,Tree,1995-06-19 00:00:00 UTC
44841,15,Permit Number 43922,Sidewalk: Curb side : Cutout,Tree,2001-04-25 00:00:00 UTC
44548,6,Permit Number 43835,Sidewalk: Curb side : Cutout,Tree,2001-04-29 00:00:00 UTC
46715,4,Permit Number 44843,Sidewalk: Curb side : Cutout,Tree,2002-04-24 00:00:00 UTC
44538,31,Permit Number 43835,Sidewalk: Curb side : Cutout,Tree,2001-04-29 00:00:00 UTC
66292,1,Permit Number 29403,Sidewalk: Curb side : Cutout,Tree,1990-11-21 00:00:00 UTC
44976,48,Permit Number 43922,Sidewalk: Curb side : Cutout,Tree,2001-04-25 00:00:00 UTC
48170,63,Permit Number 45761,Sidewalk: Curb side : Cutout,Tree,2002-07-17 00:00:00 UTC
44963,76,Permit Number 43922,Sidewalk: Curb side : Cutout,Tree,2001-04-25 00:00:00 UTC
46062,104,Permit Number 44451,Sidewalk: Curb side : Cutout,Tree,2001-12-06 00:00:00 UTC
48751,9,Permit Number 46023,Sidewalk: Curb side : Cutout,Tree,
45854,71,Permit Number 44451,Sidewalk: Curb side : Cutout,Tree,2001-12-06 00:00:00 UTC
44880,153,Permit Number 43922,Sidewalk: Curb side : Cutout,Tree,2001-04-25 00:00:00 UTC
44593,133,Permit Number 43835,Sidewalk: Curb side : Cutout,Tree,2001-04-29 00:00:00 UTC
45020,92,Permit Number 43922,Sidewalk: Curb side : Cutout,Tree,2001-04-25 00:00:00 UTC
44887,160,Permit Number 43922,Sidewalk: Curb side : Cutout,Tree,2001-04-25 00:00:00 UTC
45869,89,Permit Number 44451,Sidewalk: Curb side : Cutout,Tree,2001-12-06 00:00:00 UTC
47476,2,Permit Number 45375,Sidewalk: Curb side : Cutout,Tree,2002-05-14 00:00:00 UTC
44901,135,Permit Number 43922,Sidewalk: Curb side : Cutout,Tree,2001-04-25 00:00:00 UTC
34324,15,Permit Number 38095,Sidewalk: Curb side : Cutout,Tree,1997-07-14 00:00:00 UTC
44537,21,Permit Number 43835,Sidewalk: Curb side : Cutout,Tree,2001-04-29 00:00:00 UTC
36863,8,Permit Number 39538,Sidewalk: Curb side : Cutout,Tree,1998-05-26 00:00:00 UTC
48190,30,Permit Number 45761,Sidewalk: Curb side : Cutout,Tree,2002-07-17 00:00:00 UTC
44965,78,Permit Number 43922,Sidewalk: Curb side : Cutout,Tree,2001-04-25 00:00:00 UTC
44997,109,Permit Number 43922,Sidewalk: Curb side : Cutout,Tree,2001-04-25 00:00:00 UTC
66096,1,Permit Number 29142,Sidewalk: Curb side : Cutout,Tree,1990-08-08 00:00:00 UTC
38766,3,Permit Number 40634,Sidewalk: Curb side : Cutout,Tree,1998-10-20 00:00:00 UTC
59910,1,Permit Number 19378,Sidewalk: Curb side : Cutout,Tree,1981-11-24 00:00:00 UTC
35185,19,Permit Number 38712,Sidewalk: Curb side : Cutout,Tree,1998-02-10 00:00:00 UTC
45958,165,Permit Number 44451,Sidewalk: Curb side : Cutout,Tree,2001-12-06 00:00:00 UTC
46195,2,Permit Number 44518,Sidewalk: Curb side : Cutout,Tree,2001-12-31 00:00:00 UTC
84711,5,Permit No. 49325,Sidewalk: Curb side : Cutout,Tree,2007-05-17 00:00:00 UTC
45382,6,Permit Number 44200,Sidewalk: Curb side : Cutout,Tree,
48289,99,Permit Number 45761,Sidewalk: Curb side : Cutout,Tree,2002-07-17 00:00:00 UTC
69538,1,Permit Number 38610,Sidewalk: Curb side : Cutout,Tree,1998-01-16 00:00:00 UTC
34320,31,Permit Number 38095,Sidewalk: Curb side : Cutout,Tree,1997-07-14 00:00:00 UTC
44539,22,Permit Number 43835,Sidewalk: Curb side : Cutout,Tree,2001-04-29 00:00:00 UTC
48137,247,Permit Number 45761,Sidewalk: Curb side : Cutout,Tree,2002-07-17 00:00:00 UTC
48125,293,Permit Number 45761,Sidewalk: Curb side : Cutout,Tree,2002-07-17 00:00:00 UTC
44678,98,Permit Number 43835,Sidewalk: Curb side : Cutout,Tree,2001-04-29 00:00:00 UTC
93931,,Permit Number 53387,Front Yard : Yard,Tree,2010-04-28 00:00:00 UTC
47477,3,Permit Number 45375,Sidewalk: Curb side : Cutout,Tree,2002-05-14 00:00:00 UTC
37328,2,Permit Number 39838,Sidewalk: Curb side : Cutout,Tree,1998-06-15 00:00:00 UTC
44550,8,Permit Number 43835,Sidewalk: Curb side : Cutout,Tree,2001-04-29 00:00:00 UTC
46882,1,Permit Number 44940,Sidewalk: Curb side : Cutout,Tree,2002-04-26 00:00:00 UTC
46727,2,Permit Number 44843,Sidewalk: Curb side : Cutout,Tree,2002-04-24 00:00:00 UTC
44955,68,Permit Number 43922,Sidewalk: Curb side : Cutout,Tree,2001-04-25 00:00:00 UTC
44962,75,Permit Number 43922,Sidewalk: Curb side : Cutout,Tree,2001-04-25 00:00:00 UTC
33089,4,Permit Number 37336,Sidewalk: Curb side : Cutout,Tree,1996-11-05 00:00:00 UTC
50817,1,Permit Number 47340,Sidewalk: Curb side : Cutout,Tree,2004-03-18 00:00:00 UTC
48269,120,Permit Number 45761,Sidewalk: Curb side : Cutout,Tree,2002-07-17 00:00:00 UTC
48485,14,Permit Number 45832,Sidewalk: Curb side : Cutout,Tree,
44959,72,Permit Number 43922,Sidewalk: Curb side : Cutout,Tree,2001-04-25 00:00:00 UTC
48138,248,Permit Number 45761,Sidewalk: Curb side : Cutout,Tree,2002-07-17 00:00:00 UTC
48218,14,Permit Number 45761,Sidewalk: Curb side : Cutout,Tree,2002-07-17 00:00:00 UTC
39902,2,Permit Number 41185,Sidewalk: Curb side : Cutout,Tree,2002-01-03 00:00:00 UTC
44685,95,Permit Number 43835,Sidewalk: Curb side : Cutout,Tree,2001-04-29 00:00:00 UTC
36649,8,Permit Number 39461,Sidewalk: Curb side : Cutout,Tree,1998-05-20 00:00:00 UTC
44877,150,Permit Number 43922,Sidewalk: Curb side : Cutout,Tree,2001-04-25 00:00:00 UTC
44960,61,Permit Number 43922,Sidewalk: Curb side : Cutout,Tree,2001-04-25 00:00:00 UTC
66171,1,Permit Number 29243,Sidewalk: Curb side : Cutout,Tree,1990-09-05 00:00:00 UTC
48337,165,Permit Number 45761,Sidewalk: Curb side : Cutout,Tree,2002-07-17 00:00:00 UTC
65939,1,Permit Number 28960,Sidewalk: Curb side : Cutout,Tree,1990-06-04 00:00:00 UTC
36648,7,Permit Number 39461,Sidewalk: Curb side : Cutout,Tree,1998-05-20 00:00:00 UTC
36643,11,Permit Number 39461,Sidewalk: Curb side : Cutout,Tree,1998-05-20 00:00:00 UTC
44667,78,Permit Number 43835,Sidewalk: Curb side : Cutout,Tree,2001-04-29 00:00:00 UTC
44666,48,Permit Number 43835,Sidewalk: Curb side : Cutout,Tree,2001-04-29 00:00:00 UTC
46023,214,Permit Number 44451,Sidewalk: Curb side : Cutout,Tree,2001-12-06 00:00:00 UTC
48270,94,Permit Number 45761,Sidewalk: Curb side : Cutout,Tree,2002-07-17 00:00:00 UTC
44945,178,Permit Number 43922,Sidewalk: Curb side : Cutout,Tree,2001-04-25 00:00:00 UTC
36610,7,Permit Number 39461,Sidewalk: Curb side : Cutout,Tree,1998-05-20 00:00:00 UTC
60252,1,Permit Number 19804,Sidewalk: Curb side : Cutout,Tree,1982-08-23 00:00:00 UTC
34856,6,Permit Number 38478,Sidewalk: Curb side : Cutout,Tree,
48305,171,Permit Number 45761,Sidewalk: Curb side : Cutout,Tree,2002-07-17 00:00:00 UTC
44569,149,Permit Number 43835,Sidewalk: Curb side : Cutout,Tree,2001-04-29 00:00:00 UTC
44998,110,Permit Number 43922,Sidewalk: Curb side : Cutout,Tree,2001-04-25 00:00:00 UTC
36866,12,Permit Number 39538,Sidewalk: Curb side : Cutout,Tree,1998-05-26 00:00:00 UTC
48103,212,Permit Number 45761,Sidewalk: Curb side : Cutout,Tree,2002-07-17 00:00:00 UTC
48338,148,Permit Number 45761,Sidewalk: Curb side : Cutout,Tree,2002-07-17 00:00:00 UTC
48167,60,Permit Number 45761,Sidewalk: Curb side : Cutout,Tree,2002-07-17 00:00:00 UTC
33928,3,Permit Number 37893,Sidewalk: Curb side : Cutout,Tree,1997-03-25 00:00:00 UTC
44986,58,Permit Number 43922,Sidewalk: Curb side : Cutout,Tree,2001-04-25 00:00:00 UTC
35695,5,Permit Number 38993,Sidewalk: Curb side : Cutout,Tree,1998-04-10 00:00:00 UTC
48199,58,Permit Number 45761,Sidewalk: Curb side : Cutout,Tree,2002-07-17 00:00:00 UTC
48126,294,Permit Number 45761,Sidewalk: Curb side : Cutout,Tree,2002-07-17 00:00:00 UTC
46142,3,Permit Number 44490,Sidewalk: Curb side : Cutout,Tree,2001-12-27 00:00:00 UTC
34308,17,Permit Number 38095,Sidewalk: Curb side : Cutout,Tree,1997-07-14 00:00:00 UTC
48284,107,Permit Number 45761,Sidewalk: Curb side : Cutout,Tree,2002-07-17 00:00:00 UTC
44562,13,Permit Number 43835,Sidewalk: Curb side : Cutout,Tree,2001-04-29 00:00:00 UTC
58322,1,Permit Number 17347,Sidewalk: Curb side : Cutout,Tree,1978-11-06 00:00:00 UTC
35280,1,Permit Number 38758,Sidewalk: Curb side : Cutout,Tree,1998-02-17 00:00:00 UTC
36558,4,Permit Number 39428,Sidewalk: Curb side : Cutout,Tree,1998-05-19 00:00:00 UTC
48328,138,Permit Number 45761,Sidewalk: Curb side : Cutout,Tree,2002-07-17 00:00:00 UTC
51069,2,Permit Number 47530,Sidewalk: Curb side : Cutout,Tree,2004-07-14 00:00:00 UTC
35212,19,Permit Number 38712,Sidewalk: Curb side : Cutout,Tree,1998-02-10 00:00:00 UTC
44972,44,Permit Number 43922,Sidewalk: Curb side : Cutout,Tree,2001-04-25 00:00:00 UTC
44568,141,Permit Number 43835,Sidewalk: Curb side : Cutout,Tree,2001-04-29 00:00:00 UTC
48142,252,Permit Number 45761,Sidewalk: Curb side : Cutout,Tree,2002-07-17 00:00:00 UTC
44704,88,Permit Number 43835,Sidewalk: Curb side : Cutout,Tree,2001-04-29 00:00:00 UTC
36611,6,Permit Number 39461,Sidewalk: Curb side : Cutout,Tree,1998-05-20 00:00:00 UTC
46057,180,Permit Number 44451,Sidewalk: Curb side : Cutout,Tree,2001-12-06 00:00:00 UTC
48480,1,Permit Number 45832,Median : Cutout,Tree,
48348,153,Permit Number 45761,Sidewalk: Curb side : Cutout,Tree,2002-07-17 00:00:00 UTC
48276,86,Permit Number 45761,Sidewalk: Curb side : Cutout,Tree,2002-07-17 00:00:00 UTC
48223,5,Permit Number 45761,Sidewalk: Curb side : Cutout,Tree,2002-07-17 00:00:00 UTC
44926,199,Permit Number 43922,Sidewalk: Curb side : Cutout,Tree,2001-04-25 00:00:00 UTC
44594,122,Permit Number 43835,Sidewalk: Curb side : Cutout,Tree,2001-04-29 00:00:00 UTC
44867,26,Permit Number 43922,Sidewalk: Curb side : Cutout,Tree,2001-04-25 00:00:00 UTC
44994,106,Permit Number 43922,Sidewalk: Curb side : Cutout,Tree,2001-04-25 00:00:00 UTC
44665,59,Permit Number 43835,Sidewalk: Curb side : Cutout,Tree,2001-04-29 00:00:00 UTC
48213,41,Permit Number 45761,Sidewalk: Curb side : Cutout,Tree,2002-07-17 00:00:00 UTC
45972,119,Permit Number 44451,Sidewalk: Curb side : Cutout,Tree,2001-12-06 00:00:00 UTC
36629,4,Permit Number 39461,Sidewalk: Curb side : Cutout,Tree,1998-05-20 00:00:00 UTC
44991,113,Permit Number 43922,Sidewalk: Curb side : Cutout,Tree,2001-04-25 00:00:00 UTC
50823,2,Permit Number 47344,Sidewalk: Curb side : Cutout,Tree,2004-03-19 00:00:00 UTC
44626,154,Permit Number 43835,Sidewalk: Curb side : Cutout,Tree,2001-04-29 00:00:00 UTC
46198,1,Permit Number 44518,Sidewalk: Curb side : Cutout,Tree,2001-12-31 00:00:00 UTC
44633,161,Permit Number 43835,Sidewalk: Curb side : Cutout,Tree,2001-04-29 00:00:00 UTC
44549,7,Permit Number 43835,Sidewalk: Curb side : Cutout,Tree,2001-04-29 00:00:00 UTC
48181,74,Permit Number 45761,Sidewalk: Curb side : Cutout,Tree,2002-07-17 00:00:00 UTC
45378,3,Permit Number 44200,Sidewalk: Curb side : Cutout,Tree,
44676,105,Permit Number 43835,Sidewalk: Curb side : Cutout,Tree,2001-04-29 00:00:00 UTC
36628,16,Permit Number 39461,Sidewalk: Curb side : Cutout,Tree,1998-05-20 00:00:00 UTC
48178,56,Permit Number 45761,Sidewalk: Curb side : Cutout,Tree,2002-07-17 00:00:00 UTC
45878,32,Permit Number 44451,Sidewalk: Curb side : Cutout,Tree,2001-12-06 00:00:00 UTC
45872,95,Permit Number 44451,Sidewalk: Curb side : Cutout,Tree,2001-12-06 00:00:00 UTC
48257,121,Permit Number 45761,Sidewalk: Curb side : Cutout,Tree,2002-07-17 00:00:00 UTC
45995,120,Permit Number 44451,Sidewalk: Curb side : Cutout,Tree,2001-12-06 00:00:00 UTC
44656,115,Permit Number 43835,Sidewalk: Curb side : Cutout,Tree,2001-04-29 00:00:00 UTC
44889,152,Permit Number 43922,Sidewalk: Curb side : Cutout,Tree,2001-04-25 00:00:00 UTC
45998,116,Permit Number 44451,Sidewalk: Curb side : Cutout,Tree,2001-12-06 00:00:00 UTC
44659,63,Permit Number 43835,Sidewalk: Curb side : Cutout,Tree,2001-04-29 00:00:00 UTC
48135,288,Permit Number 45761,Sidewalk: Curb side : Cutout,Tree,2002-07-17 00:00:00 UTC
48320,186,Permit Number 45761,Sidewalk: Curb side : Cutout,Tree,2002-07-17 00:00:00 UTC
48214,27,Permit Number 45761,Sidewalk: Curb side : Cutout,Tree,2002-07-17 00:00:00 UTC
48238,22,Permit Number 45761,Sidewalk: Curb side : Cutout,Tree,2002-07-17 00:00:00 UTC
60481,1,Permit Number 20076,Sidewalk: Curb side : Cutout,Tree,1982-12-01 00:00:00 UTC
44862,34,Permit Number 43922,Sidewalk: Curb side : Cutout,Tree,2001-04-25 00:00:00 UTC
46302,5,Permit Number 44564,Sidewalk: Curb side : Cutout,Tree,2002-01-31 00:00:00 UTC
44555,3,Permit Number 43835,Sidewalk: Curb side : Cutout,Tree,2001-04-29 00:00:00 UTC
58117,1,Permit Number 17097,Sidewalk: Curb side : Cutout,Tree,1978-01-30 00:00:00 UTC
48164,71,Permit Number 45761,Sidewalk: Curb side : Cutout,Tree,2002-07-17 00:00:00 UTC
46191,5,Permit Number 44518,Sidewalk: Curb side : Cutout,Tree,2001-12-31 00:00:00 UTC
48086,196,Permit Number 45761,Sidewalk: Curb side : Cutout,Tree,2002-07-17 00:00:00 UTC
44845,18,Permit Number 43922,Sidewalk: Curb side : Cutout,Tree,2001-04-25 00:00:00 UTC
48243,12,Permit Number 45761,Sidewalk: Curb side : Cutout,Tree,2002-07-17 00:00:00 UTC
48307,173,Permit Number 45761,Sidewalk: Curb side : Cutout,Tree,2002-07-17 00:00:00 UTC
46292,10,Permit Number 44564,Sidewalk: Curb side : Cutout,Tree,2002-01-31 00:00:00 UTC
48281,91,Permit Number 45761,Sidewalk: Curb side : Cutout,Tree,2002-07-17 00:00:00 UTC
45380,5,Permit Number 44200,Sidewalk: Curb side : Cutout,Tree,
48082,192,Permit Number 45761,Sidewalk: Curb side : Cutout,Tree,2002-07-17 00:00:00 UTC
36615,2,Permit Number 39461,Sidewalk: Curb side : Cutout,Tree,1998-05-20 00:00:00 UTC
31850,2,Permit Number 35298,Sidewalk: Curb side : Cutout,Tree,1995-06-19 00:00:00 UTC
44705,89,Permit Number 43835,Sidewalk: Curb side : Cutout,Tree,2001-04-29 00:00:00 UTC
46013,199,Permit Number 44451,Sidewalk: Curb side : Cutout,Tree,2001-12-06 00:00:00 UTC
46015,201,Permit Number 44451,Sidewalk: Curb side : Cutout,Tree,2001-12-06 00:00:00 UTC
45913,59,Permit Number 44451,Sidewalk: Curb side : Cutout,Tree,2001-12-06 00:00:00 UTC
44674,56,Permit Number 43835,Sidewalk: Curb side : Cutout,Tree,2001-04-29 00:00:00 UTC
48066,232,Permit Number 45761,Sidewalk: Curb side : Cutout,Tree,2002-07-17 00:00:00 UTC
44707,91,Permit Number 43835,Sidewalk: Curb side : Cutout,Tree,2001-04-29 00:00:00 UTC
48346,155,Permit Number 45761,Sidewalk: Curb side : Cutout,Tree,2002-07-17 00:00:00 UTC
46713,5,Permit Number 44843,Sidewalk: Curb side : Cutout,Tree,2002-04-24 00:00:00 UTC
48288,98,Permit Number 45761,Sidewalk: Curb side : Cutout,Tree,2002-07-17 00:00:00 UTC
44566,1,Permit Number 43835,Sidewalk: Curb side : Cutout,Tree,2001-04-29 00:00:00 UTC
46733,7,Permit Number 44843,Sidewalk: Curb side : Cutout,Tree,2002-04-24 00:00:00 UTC
48183,76,Permit Number 45761,Sidewalk: Curb side : Cutout,Tree,2002-07-17 00:00:00 UTC
42922,1,Permit Number 42829,Sidewalk: Curb side : Cutout,Tree,2000-07-05 00:00:00 UTC
48242,26,Permit Number 45761,Sidewalk: Curb side : Cutout,Tree,2002-07-17 00:00:00 UTC
51578,1,Permit Number 47872,Sidewalk: Curb side : Cutout,Tree,2005-02-04 00:00:00 UTC
44688,108,Permit Number 43835,Sidewalk: Curb side : Cutout,Tree,2001-04-29 00:00:00 UTC
48240,24,Permit Number 45761,Sidewalk: Curb side : Cutout,Tree,2002-07-17 00:00:00 UTC
46151,1,Permit Number 44491,Sidewalk: Curb side : Cutout,Tree,2001-12-27 00:00:00 UTC
43482,8,Permit Number 43169,Sidewalk: Curb side : Cutout,Tree,2000-07-19 00:00:00 UTC
45954,151,Permit Number 44451,Sidewalk: Curb side : Cutout,Tree,2001-12-06 00:00:00 UTC
46018,211,Permit Number 44451,Sidewalk: Curb side : Cutout,Tree,2001-12-06 00:00:00 UTC
46017,167,Permit Number 44451,Sidewalk: Curb side : Cutout,Tree,2001-12-06 00:00:00 UTC
45978,129,Permit Number 44451,Sidewalk: Curb side : Cutout,Tree,2001-12-06 00:00:00 UTC
38802,4,Permit Number 40645,Sidewalk: Curb side : Cutout,Tree,1998-10-23 00:00:00 UTC
46295,7,Permit Number 44564,Sidewalk: Curb side : Cutout,Tree,2002-01-31 00:00:00 UTC
44956,69,Permit Number 43922,Sidewalk: Curb side : Cutout,Tree,2001-04-25 00:00:00 UTC
44690,110,Permit Number 43835,Sidewalk: Curb side : Cutout,Tree,2001-04-29 00:00:00 UTC
44872,145,Permit Number 43922,Sidewalk: Curb side : Cutout,Tree,2001-04-25 00:00:00 UTC
39903,1,Permit Number 41185,Sidewalk: Curb side : Cutout,Tree,2002-01-03 00:00:00 UTC
35202,1,Permit Number 38712,Sidewalk: Curb side : Cutout,Tree,1998-02-10 00:00:00 UTC
45016,88,Permit Number 43922,Sidewalk: Curb side : Cutout,Tree,2001-04-25 00:00:00 UTC
48248,112,Permit Number 45761,Sidewalk: Curb side : Cutout,Tree,2002-07-17 00:00:00 UTC
66183,1,Permit Number 29260,Sidewalk: Curb side : Cutout,Tree,1990-09-06 00:00:00 UTC
33088,5,Permit Number 37336,Sidewalk: Curb side : Cutout,Tree,1996-11-05 00:00:00 UTC
36627,9,Permit Number 39461,Sidewalk: Curb side : Cutout,Tree,1998-05-20 00:00:00 UTC
33929,4,Permit Number 37893,Sidewalk: Curb side : Cutout,Tree,1997-03-25 00:00:00 UTC
46141,4,Permit Number 44490,Sidewalk: Curb side : Cutout,Tree,2001-12-27 00:00:00 UTC
44646,66,Permit Number 43835,Sidewalk: Curb side : Cutout,Tree,2001-04-29 00:00:00 UTC
44627,155,Permit Number 43835,Sidewalk: Curb side : Cutout,Tree,2001-04-29 00:00:00 UTC
48271,81,Permit Number 45761,Sidewalk: Curb side : Cutout,Tree,2002-07-17 00:00:00 UTC
47479,1,Permit Number 45375,Sidewalk: Curb side : Cutout,Tree,2002-05-14 00:00:00 UTC
45855,79,Permit Number 44451,Sidewalk: Curb side : Cutout,Tree,2001-12-06 00:00:00 UTC
45002,114,Permit Number 43922,Sidewalk: Curb side : Cutout,Tree,2001-04-25 00:00:00 UTC
34137,1,Permit Number 37987,Sidewalk: Curb side : Cutout,Tree,1997-07-05 00:00:00 UTC
46041,176,Permit Number 44451,Sidewalk: Curb side : Cutout,Tree,2001-12-06 00:00:00 UTC
45010,111,Permit Number 43922,Sidewalk: Curb side : Cutout,Tree,2001-04-25 00:00:00 UTC
46003,205,Permit Number 44451,Sidewalk: Curb side : Cutout,Tree,2001-12-06 00:00:00 UTC
34915,9,Permit Number 38517,Sidewalk: Curb side : Cutout,Tree,
45865,70,Permit Number 44451,Sidewalk: Curb side : Cutout,Tree,2001-12-06 00:00:00 UTC
35198,10,Permit Number 38712,Sidewalk: Curb side : Cutout,Tree,1998-02-10 00:00:00 UTC
48089,199,Permit Number 45761,Sidewalk: Curb side : Cutout,Tree,2002-07-17 00:00:00 UTC
45027,100,Permit Number 43922,Sidewalk: Curb side : Cutout,Tree,2001-04-25 00:00:00 UTC
59490,1,Permit Number 18865,Sidewalk: Curb side : Cutout,Tree,1980-12-29 00:00:00 UTC
36864,9,Permit Number 39538,Sidewalk: Curb side : Cutout,Tree,1998-05-26 00:00:00 UTC
44602,130,Permit Number 43835,Sidewalk: Curb side : Cutout,Tree,2001-04-29 00:00:00 UTC
48120,274,Permit Number 45761,Sidewalk: Curb side : Cutout,Tree,2002-07-17 00:00:00 UTC
48060,222,Permit Number 45761,Sidewalk: Curb side : Cutout,Tree,2002-07-17 00:00:00 UTC
45015,87,Permit Number 43922,Sidewalk: Curb side : Cutout,Tree,2001-04-25 00:00:00 UTC
44708,92,Permit Number 43835,Sidewalk: Curb side : Cutout,Tree,2001-04-29 00:00:00 UTC
36562,3,Permit Number 39428,Sidewalk: Curb side : Cutout,Tree,1998-05-19 00:00:00 UTC
61227,1,Permit Number 21096,Sidewalk: Curb side : Cutout,Tree,1983-11-30 00:00:00 UTC
44691,111,Permit Number 43835,Sidewalk: Curb side : Cutout,Tree,2001-04-29 00:00:00 UTC
44642,60,Permit Number 43835,Sidewalk: Curb side : Cutout,Tree,2001-04-29 00:00:00 UTC
48108,290,Permit Number 45761,Sidewalk: Curb side : Cutout,Tree,2002-07-17 00:00:00 UTC
46194,3,Permit Number 44518,Sidewalk: Curb side : Cutout,Tree,2001-12-31 00:00:00 UTC
48072,238,Permit Number 45761,Sidewalk: Curb side : Cutout,Tree,2002-07-17 00:00:00 UTC
35200,3,Permit Number 38712,Sidewalk: Curb side : Cutout,Tree,1998-02-10 00:00:00 UTC
44709,93,Permit Number 43835,Sidewalk: Curb side : Cutout,Tree,2001-04-29 00:00:00 UTC
45915,61,Permit Number 44451,Sidewalk: Curb side : Cutout,Tree,2001-12-06 00:00:00 UTC
48287,97,Permit Number 45761,Sidewalk: Curb side : Cutout,Tree,2002-07-17 00:00:00 UTC
44978,50,Permit Number 43922,Sidewalk: Curb side : Cutout,Tree,2001-04-25 00:00:00 UTC
48057,225,Permit Number 45761,Sidewalk: Curb side : Cutout,Tree,2002-07-17 00:00:00 UTC
84716,10,Permit No. 49325,Sidewalk: Curb side : Cutout,Tree,2007-05-17 00:00:00 UTC
48055,227,Permit Number 45761,Sidewalk: Curb side : Cutout,Tree,2002-07-17 00:00:00 UTC
36860,5,Permit Number 39538,Sidewalk: Curb side : Cutout,Tree,1998-05-26 00:00:00 UTC
35704,17,Permit Number 38993,Sidewalk: Curb side : Cutout,Tree,1998-04-10 00:00:00 UTC
35191,13,Permit Number 38712,Sidewalk: Curb side : Cutout,Tree,1998-02-10 00:00:00 UTC
45891,11,Permit Number 44451,Sidewalk: Curb side : Cutout,Tree,2001-12-06 00:00:00 UTC
36840,6,Permit Number 39538,Sidewalk: Curb side : Cutout,Tree,1998-05-26 00:00:00 UTC
48087,197,Permit Number 45761,Sidewalk: Curb side : Cutout,Tree,2002-07-17 00:00:00 UTC
48742,10,Permit Number 46023,Sidewalk: Curb side : Cutout,Tree,
45873,6,Permit Number 44451,Sidewalk: Curb side : Cutout,Tree,2001-12-06 00:00:00 UTC
43480,2,Permit Number 43169,Sidewalk: Curb side : Cutout,Tree,2000-07-19 00:00:00 UTC
45853,72,Permit Number 44451,Sidewalk: Curb side : Cutout,Tree,2001-12-06 00:00:00 UTC
44936,169,Permit Number 43922,Sidewalk: Curb side : Cutout,Tree,2001-04-25 00:00:00 UTC
48342,159,Permit Number 45761,Sidewalk: Curb side : Cutout,Tree,2002-07-17 00:00:00 UTC
46287,16,Permit Number 44564,Sidewalk: Curb side : Cutout,Tree,2002-01-31 00:00:00 UTC
44870,29,Permit Number 43922,Sidewalk: Curb side : Cutout,Tree,2001-04-25 00:00:00 UTC
45909,55,Permit Number 44451,Sidewalk: Curb side : Cutout,Tree,2001-12-06 00:00:00 UTC
44700,84,Permit Number 43835,Sidewalk: Curb side : Cutout,Tree,2001-04-29 00:00:00 UTC
48094,218,Permit Number 45761,Sidewalk: Curb side : Cutout,Tree,2002-07-17 00:00:00 UTC
34118,2,Permit Number 37979,Sidewalk: Curb side : Cutout,Tree,1997-07-05 00:00:00 UTC
48273,83,Permit Number 45761,Sidewalk: Curb side : Cutout,Tree,2002-07-17 00:00:00 UTC
36856,2,Permit Number 39538,Sidewalk: Curb side : Cutout,Tree,1998-05-26 00:00:00 UTC
44985,57,Permit Number 43922,Sidewalk: Curb side : Cutout,Tree,2001-04-25 00:00:00 UTC
66415,1,Permit Number 29546,Sidewalk: Curb side : Cutout,Tree,1991-02-12 00:00:00 UTC
46153,1,Permit Number 44491,Sidewalk: Curb side : Cutout,Tree,2001-12-27 00:00:00 UTC
44885,158,Permit Number 43922,Sidewalk: Curb side : Cutout,Tree,2001-04-25 00:00:00 UTC
38803,3,Permit Number 40645,Sidewalk: Curb side : Cutout,Tree,1998-10-23 00:00:00 UTC
46300,2,Permit Number 44564,Sidewalk: Curb side : Cutout,Tree,2002-01-31 00:00:00 UTC
45971,161,Permit Number 44451,Sidewalk: Curb side : Cutout,Tree,2001-12-06 00:00:00 UTC
44984,56,Permit Number 43922,Sidewalk: Curb side : Cutout,Tree,2001-04-25 00:00:00 UTC
45987,113,Permit Number 44451,Sidewalk: Curb side : Cutout,Tree,2001-12-06 00:00:00 UTC
36843,3,Permit Number 39538,Sidewalk: Curb side : Cutout,Tree,1998-05-26 00:00:00 UTC
46001,169,Permit Number 44451,Sidewalk: Curb side : Cutout,Tree,2001-12-06 00:00:00 UTC
45376,7,Permit Number 44200,Sidewalk: Curb side : Cutout,Tree,
44574,138,Permit Number 43835,Sidewalk: Curb side : Cutout,Tree,2001-04-29 00:00:00 UTC
46049,177,Permit Number 44451,Sidewalk: Curb side : Cutout,Tree,2001-12-06 00:00:00 UTC
53088,1,Permit Number 49055,Sidewalk: Curb side : Cutout,Tree,2006-10-30 00:00:00 UTC
36851,5,Permit Number 39538,Sidewalk: Curb side : Cutout,Tree,1998-05-26 00:00:00 UTC
44582,146,Permit Number 43835,Sidewalk: Curb side : Cutout,Tree,2001-04-29 00:00:00 UTC
44571,135,Permit Number 43835,Sidewalk: Curb side : Cutout,Tree,2001-04-29 00:00:00 UTC
46034,175,Permit Number 44451,Sidewalk: Curb side : Cutout,Tree,2001-12-06 00:00:00 UTC
44989,83,Permit Number 43922,Sidewalk: Curb side : Cutout,Tree,2001-04-25 00:00:00 UTC
34316,26,Permit Number 38095,Sidewalk: Curb side : Cutout,Tree,1997-07-14 00:00:00 UTC
48189,43,Permit Number 45761,Sidewalk: Curb side : Cutout,Tree,2002-07-17 00:00:00 UTC
48250,114,Permit Number 45761,Sidewalk: Curb side : Cutout,Tree,2002-07-17 00:00:00 UTC
46056,109,Permit Number 44451,Sidewalk: Curb side : Cutout,Tree,2001-12-06 00:00:00 UTC
45966,157,Permit Number 44451,Sidewalk: Curb side : Cutout,Tree,2001-12-06 00:00:00 UTC
45857,4,Permit Number 44451,Sidewalk: Curb side : Cutout,Tree,2001-12-06 00:00:00 UTC
45005,117,Permit Number 43922,Sidewalk: Curb side : Cutout,Tree,2001-04-25 00:00:00 UTC
44545,24,Permit Number 43835,Sidewalk: Curb side : Cutout,Tree,2001-04-29 00:00:00 UTC
36650,9,Permit Number 39461,Sidewalk: Curb side : Cutout,Tree,1998-05-20 00:00:00 UTC
48210,53,Permit Number 45761,Sidewalk: Curb side : Cutout,Tree,2002-07-17 00:00:00 UTC
34117,1,Permit Number 37979,Sidewalk: Curb side : Cutout,Tree,1997-07-05 00:00:00 UTC
44927,200,Permit Number 43922,Sidewalk: Curb side : Cutout,Tree,2001-04-25 00:00:00 UTC
45956,159,Permit Number 44451,Sidewalk: Curb side : Cutout,Tree,2001-12-06 00:00:00 UTC
44866,25,Permit Number 43922,Sidewalk: Curb side : Cutout,Tree,2001-04-25 00:00:00 UTC
97354,4,"",Unaccepted Street : Yard,Tree,
34121,2,Permit Number 37980,Sidewalk: Curb side : Cutout,Tree,1997-07-05 00:00:00 UTC
45902,22,Permit Number 44451,Sidewalk: Curb side : Cutout,Tree,2001-12-06 00:00:00 UTC
35699,11,Permit Number 38993,Sidewalk: Curb side : Cutout,Tree,1998-04-10 00:00:00 UTC
44838,12,Permit Number 43922,Sidewalk: Curb side : Cutout,Tree,2001-04-25 00:00:00 UTC
48266,130,Permit Number 45761,Sidewalk: Curb side : Cutout,Tree,2002-07-17 00:00:00 UTC
48175,68,Permit Number 45761,Sidewalk: Curb side : Cutout,Tree,2002-07-17 00:00:00 UTC
46025,212,Permit Number 44451,Sidewalk: Curb side : Cutout,Tree,2001-12-06 00:00:00 UTC
68768,1,Permit Number 32693,Sidewalk: Curb side : Cutout,Tree,1993-11-16 00:00:00 UTC
48317,183,Permit Number 45761,Sidewalk: Curb side : Cutout,Tree,2002-07-17 00:00:00 UTC
45943,183,Permit Number 44451,Sidewalk: Curb side : Cutout,Tree,2001-12-06 00:00:00 UTC
34972,3,Permit Number 38555,Sidewalk: Curb side : Cutout,Tree,1997-12-18 00:00:00 UTC
36873,3,Permit Number 39538,Sidewalk: Curb side : Cutout,Tree,1998-05-26 00:00:00 UTC
46716,3,Permit Number 44843,Sidewalk: Curb side : Cutout,Tree,2002-04-24 00:00:00 UTC
34328,5,Permit Number 38095,Sidewalk: Curb side : Cutout,Tree,1997-07-14 00:00:00 UTC
46193,4,Permit Number 44518,Sidewalk: Curb side : Cutout,Tree,2001-12-31 00:00:00 UTC
36625,1,Permit Number 39461,Sidewalk: Curb side : Cutout,Tree,1998-05-20 00:00:00 UTC
60090,1,Permit Number 19591,Sidewalk: Curb side : Cutout,Tree,1982-03-19 00:00:00 UTC
30480,3,Permit Number 147,Sidewalk: Curb side : Cutout,Tree,1956-09-05 00:00:00 UTC
48122,273,Permit Number 45761,Sidewalk: Curb side : Cutout,Tree,2002-07-17 00:00:00 UTC
44869,28,Permit Number 43922,Sidewalk: Curb side : Cutout,Tree,2001-04-25 00:00:00 UTC
45928,39,Permit Number 44451,Sidewalk: Curb side : Cutout,Tree,2001-12-06 00:00:00 UTC
64962,1,Permit Number 25997,Sidewalk: Curb side : Cutout,Tree,1989-04-03 00:00:00 UTC
36652,11,Permit Number 39461,Sidewalk: Curb side : Cutout,Tree,1998-05-20 00:00:00 UTC
44604,177,Permit Number 43835,Sidewalk: Curb side : Cutout,Tree,2001-04-29 00:00:00 UTC
34319,30,Permit Number 38095,Sidewalk: Curb side : Cutout,Tree,1997-07-14 00:00:00 UTC
48074,240,Permit Number 45761,Sidewalk: Curb side : Cutout,Tree,2002-07-17 00:00:00 UTC
48264,128,Permit Number 45761,Sidewalk: Curb side : Cutout,Tree,2002-07-17 00:00:00 UTC
46731,3,Permit Number 44843,Sidewalk: Curb side : Cutout,Tree,2002-04-24 00:00:00 UTC
45925,36,Permit Number 44451,Sidewalk: Curb side : Cutout,Tree,2001-12-06 00:00:00 UTC
44928,42,Permit Number 43922,Sidewalk: Curb side : Cutout,Tree,2001-04-25 00:00:00 UTC
36630,3,Permit Number 39461,Sidewalk: Curb side : Cutout,Tree,1998-05-20 00:00:00 UTC
45973,134,Permit Number 44451,Sidewalk: Curb side : Cutout,Tree,2001-12-06 00:00:00 UTC
48131,299,Permit Number 45761,Sidewalk: Curb side : Cutout,Tree,2002-07-17 00:00:00 UTC
46150,2,Permit Number 44491,Sidewalk: Curb side : Cutout,Tree,2001-12-27 00:00:00 UTC
45384,2,Permit Number 44200,Sidewalk: Curb side : Cutout,Tree,2001-07-06 00:00:00 UTC
46299,3,Permit Number 44564,Sidewalk: Curb side : Cutout,Tree,2002-01-31 00:00:00 UTC
44916,189,Permit Number 43922,Sidewalk: Curb side : Cutout,Tree,2001-04-25 00:00:00 UTC
44934,167,Permit Number 43922,Sidewalk: Curb side : Cutout,Tree,2001-04-25 00:00:00 UTC
45000,112,Permit Number 43922,Sidewalk: Curb side : Cutout,Tree,2001-04-25 00:00:00 UTC
51020,1,Permit Number 47498,Sidewalk: Curb side : Cutout,Tree,2004-07-08 00:00:00 UTC
48333,143,Permit Number 45761,Sidewalk: Curb side : Cutout,Tree,2002-07-17 00:00:00 UTC
44839,13,Permit Number 43922,Sidewalk: Curb side : Cutout,Tree,2001-04-25 00:00:00 UTC
48115,281,Permit Number 45761,Sidewalk: Curb side : Cutout,Tree,2002-07-17 00:00:00 UTC
45013,85,Permit Number 43922,Sidewalk: Curb side : Cutout,Tree,2001-04-25 00:00:00 UTC
36613,4,Permit Number 39461,Sidewalk: Curb side : Cutout,Tree,1998-05-20 00:00:00 UTC
34100,1,Permit Number 37975,Sidewalk: Curb side : Cutout,Tree,1997-07-05 00:00:00 UTC
48841,2,Permit Number 46057,Sidewalk: Curb side : Cutout,Tree,2002-11-08 00:00:00 UTC
34310,20,Permit Number 38095,Sidewalk: Curb side : Cutout,Tree,1997-07-14 00:00:00 UTC
34922,1,Permit Number 38517,Sidewalk: Curb side : Cutout,Tree,
34114,1,Permit Number 37978,Sidewalk: Curb side : Cutout,Tree,1997-07-05 00:00:00 UTC
44941,174,Permit Number 43922,Sidewalk: Curb side : Cutout,Tree,2001-04-25 00:00:00 UTC
44618,182,Permit Number 43835,Sidewalk: Curb side : Cutout,Tree,2001-04-29 00:00:00 UTC
35181,9,Permit Number 38712,Sidewalk: Curb side : Cutout,Tree,1998-02-10 00:00:00 UTC
44655,75,Permit Number 43835,Sidewalk: Curb side : Cutout,Tree,2001-04-29 00:00:00 UTC
46060,102,Permit Number 44451,Sidewalk: Curb side : Cutout,Tree,2001-12-06 00:00:00 UTC
33085,10,Permit Number 37336,Sidewalk: Curb side : Cutout,Tree,1996-11-05 00:00:00 UTC
35176,6,Permit Number 38712,Sidewalk: Curb side : Cutout,Tree,1998-02-10 00:00:00 UTC
36867,1,Permit Number 39538,Sidewalk: Curb side : Cutout,Tree,1998-05-26 00:00:00 UTC
36621,5,Permit Number 39461,Sidewalk: Curb side : Cutout,Tree,1998-05-20 00:00:00 UTC
48277,87,Permit Number 45761,Sidewalk: Curb side : Cutout,Tree,2002-07-17 00:00:00 UTC
66343,1,Permit Number 29464,Sidewalk: Curb side : Cutout,Tree,1990-12-10 00:00:00 UTC
45907,62,Permit Number 44451,Sidewalk: Curb side : Cutout,Tree,2001-12-06 00:00:00 UTC
48479,3,Permit Number 45832,Sidewalk: Curb side : Cutout,Tree,
48351,150,Permit Number 45761,Sidewalk: Curb side : Cutout,Tree,2002-07-17 00:00:00 UTC
45385,3,Permit Number 44200,Sidewalk: Curb side : Cutout,Tree,2001-07-06 00:00:00 UTC
45018,90,Permit Number 43922,Sidewalk: Curb side : Cutout,Tree,2001-04-25 00:00:00 UTC
44937,170,Permit Number 43922,Sidewalk: Curb side : Cutout,Tree,2001-04-25 00:00:00 UTC
36837,3,Permit Number 39538,Sidewalk: Curb side : Cutout,Tree,1998-05-26 00:00:00 UTC
45999,117,Permit Number 44451,Sidewalk: Curb side : Cutout,Tree,2001-12-06 00:00:00 UTC
44553,4,Permit Number 43835,Sidewalk: Curb side : Cutout,Tree,2001-04-29 00:00:00 UTC
46297,5,Permit Number 44564,Sidewalk: Curb side : Cutout,Tree,2002-01-31 00:00:00 UTC
35210,11,Permit Number 38712,Sidewalk: Curb side : Cutout,Tree,1998-02-10 00:00:00 UTC
48092,216,Permit Number 45761,Sidewalk: Curb side : Cutout,Tree,2002-07-17 00:00:00 UTC
48148,275,Permit Number 45761,Sidewalk: Curb side : Cutout,Tree,2002-07-17 00:00:00 UTC
44664,46,Permit Number 43835,Sidewalk: Curb side : Cutout,Tree,2001-04-29 00:00:00 UTC
44640,69,Permit Number 43835,Sidewalk: Curb side : Cutout,Tree,2001-04-29 00:00:00 UTC
46006,192,Permit Number 44451,Sidewalk: Curb side : Cutout,Tree,2001-12-06 00:00:00 UTC
44996,108,Permit Number 43922,Sidewalk: Curb side : Cutout,Tree,2001-04-25 00:00:00 UTC
43483,7,Permit Number 43169,Sidewalk: Curb side : Cutout,Tree,2000-07-19 00:00:00 UTC
66448,1,Permit Number 29597,Sidewalk: Curb side : Cutout,Tree,1991-01-09 00:00:00 UTC
45957,166,Permit Number 44451,Sidewalk: Curb side : Cutout,Tree,2001-12-06 00:00:00 UTC
48309,175,Permit Number 45761,Sidewalk: Curb side : Cutout,Tree,2002-07-17 00:00:00 UTC
46304,1,Permit Number 44564,Sidewalk: Curb side : Cutout,Tree,2002-01-31 00:00:00 UTC
44673,55,Permit Number 43835,Sidewalk: Curb side : Cutout,Tree,2001-04-29 00:00:00 UTC
45946,143,Permit Number 44451,Sidewalk: Curb side : Cutout,Tree,2001-12-06 00:00:00 UTC
44579,143,Permit Number 43835,Sidewalk: Curb side : Cutout,Tree,2001-04-29 00:00:00 UTC
34327,3,Permit Number 38095,Sidewalk: Curb side : Cutout,Tree,1997-07-14 00:00:00 UTC
45968,155,Permit Number 44451,Sidewalk: Curb side : Cutout,Tree,2001-12-06 00:00:00 UTC
30482,2,Permit Number 147,Sidewalk: Curb side : Cutout,Tree,1956-09-05 00:00:00 UTC
48157,267,Permit Number 45761,Sidewalk: Curb side : Cutout,Tree,2002-07-17 00:00:00 UTC
46019,218,Permit Number 44451,Sidewalk: Curb side : Cutout,Tree,2001-12-06 00:00:00 UTC
65877,1,Permit Number 28876,Sidewalk: Curb side : Cutout,Tree,1990-06-08 00:00:00 UTC
39901,3,Permit Number 41185,Sidewalk: Curb side : Cutout,Tree,2002-01-03 00:00:00 UTC
36861,6,Permit Number 39538,Sidewalk: Curb side : Cutout,Tree,1998-05-26 00:00:00 UTC
45926,37,Permit Number 44451,Sidewalk: Curb side : Cutout,Tree,2001-12-06 00:00:00 UTC
44890,134,Permit Number 43922,Sidewalk: Curb side : Cutout,Tree,2001-04-25 00:00:00 UTC
45938,49,Permit Number 44451,Sidewalk: Curb side : Cutout,Tree,2001-12-06 00:00:00 UTC
48314,180,Permit Number 45761,Sidewalk: Curb side : Cutout,Tree,2002-07-17 00:00:00 UTC
45769,3,Permit Number 44413,Sidewalk: Curb side : Cutout,Tree,2001-10-24 00:00:00 UTC
48171,64,Permit Number 45761,Sidewalk: Curb side : Cutout,Tree,2002-07-17 00:00:00 UTC
46290,12,Permit Number 44564,Sidewalk: Curb side : Cutout,Tree,2002-01-31 00:00:00 UTC
46301,1,Permit Number 44564,Sidewalk: Curb side : Cutout,Tree,2002-01-31 00:00:00 UTC
48209,52,Permit Number 45761,Sidewalk: Curb side : Cutout,Tree,2002-07-17 00:00:00 UTC
44606,170,Permit Number 43835,Sidewalk: Curb side : Cutout,Tree,2001-04-29 00:00:00 UTC
35203,20,Permit Number 38712,Sidewalk: Curb side : Cutout,Tree,1998-02-10 00:00:00 UTC
45951,148,Permit Number 44451,Sidewalk: Curb side : Cutout,Tree,2001-12-06 00:00:00 UTC
34334,12,Permit Number 38095,Sidewalk: Curb side : Cutout,Tree,1997-07-14 00:00:00 UTC
35800,3,Permit Number 39046,Sidewalk: Curb side : Cutout,Tree,1998-04-22 00:00:00 UTC
45017,89,Permit Number 43922,Sidewalk: Curb side : Cutout,Tree,2001-04-25 00:00:00 UTC
46145,3,Permit Number 44490,Sidewalk: Curb side : Cutout,Tree,2001-12-27 00:00:00 UTC
44846,32,Permit Number 43922,Sidewalk: Curb side : Cutout,Tree,2001-04-25 00:00:00 UTC
45911,57,Permit Number 44451,Sidewalk: Curb side : Cutout,Tree,2001-12-06 00:00:00 UTC
46012,198,Permit Number 44451,Sidewalk: Curb side : Cutout,Tree,2001-12-06 00:00:00 UTC
44643,61,Permit Number 43835,Sidewalk: Curb side : Cutout,Tree,2001-04-29 00:00:00 UTC
44982,54,Permit Number 43922,Sidewalk: Curb side : Cutout,Tree,2001-04-25 00:00:00 UTC
48112,278,Permit Number 45761,Sidewalk: Curb side : Cutout,Tree,2002-07-17 00:00:00 UTC
45932,43,Permit Number 44451,Sidewalk: Curb side : Cutout,Tree,2001-12-06 00:00:00 UTC
66485,1,Permit Number 29643,Sidewalk: Curb side : Cutout,Tree,1991-01-31 00:00:00 UTC
48109,282,Permit Number 45761,Sidewalk: Curb side : Cutout,Tree,2002-07-17 00:00:00 UTC
44610,174,Permit Number 43835,Sidewalk: Curb side : Cutout,Tree,2001-04-29 00:00:00 UTC
48084,194,Permit Number 45761,Sidewalk: Curb side : Cutout,Tree,2002-07-17 00:00:00 UTC
44608,172,Permit Number 43835,Sidewalk: Curb side : Cutout,Tree,2001-04-29 00:00:00 UTC
44909,132,Permit Number 43922,Sidewalk: Curb side : Cutout,Tree,2001-04-25 00:00:00 UTC
44617,181,Permit Number 43835,Sidewalk: Curb side : Cutout,Tree,2001-04-29 00:00:00 UTC
48123,291,Permit Number 45761,Sidewalk: Curb side : Cutout,Tree,2002-07-17 00:00:00 UTC
34969,1,Permit Number 38555,Sidewalk: Curb side : Cutout,Tree,1997-12-18 00:00:00 UTC
44834,6,Permit Number 43922,Sidewalk: Curb side : Cutout,Tree,2001-04-25 00:00:00 UTC
45768,2,Permit Number 44413,Sidewalk: Curb side : Cutout,Tree,2001-10-24 00:00:00 UTC
48263,127,Permit Number 45761,Sidewalk: Curb side : Cutout,Tree,2002-07-17 00:00:00 UTC
46044,173,Permit Number 44451,Sidewalk: Curb side : Cutout,Tree,2001-12-06 00:00:00 UTC
45920,66,Permit Number 44451,Sidewalk: Curb side : Cutout,Tree,2001-12-06 00:00:00 UTC
48261,125,Permit Number 45761,Sidewalk: Curb side : Cutout,Tree,2002-07-17 00:00:00 UTC
44832,4,Permit Number 43922,Sidewalk: Curb side : Cutout,Tree,2001-04-25 00:00:00 UTC
48291,101,Permit Number 45761,Sidewalk: Curb side : Cutout,Tree,2002-07-17 00:00:00 UTC
57222,1,Permit Number 14509,Sidewalk: Curb side : Cutout,Tree,1975-01-09 00:00:00 UTC
45982,125,Permit Number 44451,Sidewalk: Curb side : Cutout,Tree,2001-12-06 00:00:00 UTC
43487,3,Permit Number 43169,Sidewalk: Curb side : Cutout,Tree,2000-07-19 00:00:00 UTC
48177,70,Permit Number 45761,Sidewalk: Curb side : Cutout,Tree,2002-07-17 00:00:00 UTC
44628,156,Permit Number 43835,Sidewalk: Curb side : Cutout,Tree,2001-04-29 00:00:00 UTC
44952,65,Permit Number 43922,Sidewalk: Curb side : Cutout,Tree,2001-04-25 00:00:00 UTC
44944,177,Permit Number 43922,Sidewalk: Curb side : Cutout,Tree,2001-04-25 00:00:00 UTC
44954,67,Permit Number 43922,Sidewalk: Curb side : Cutout,Tree,2001-04-25 00:00:00 UTC
34335,21,Permit Number 38095,Sidewalk: Curb side : Cutout,Tree,1997-07-14 00:00:00 UTC
34115,2,Permit Number 37978,Sidewalk: Curb side : Cutout,Tree,1997-07-05 00:00:00 UTC
48168,61,Permit Number 45761,Sidewalk: Curb side : Cutout,Tree,2002-07-17 00:00:00 UTC
48279,89,Permit Number 45761,Sidewalk: Curb side : Cutout,Tree,2002-07-17 00:00:00 UTC
58906,1,Permit Number 18181,Sidewalk: Curb side : Cutout,Tree,1980-03-03 00:00:00 UTC
35743,1,Permit Number 39016,Sidewalk: Curb side : Cutout,Tree,1998-04-15 00:00:00 UTC
44957,70,Permit Number 43922,Sidewalk: Curb side : Cutout,Tree,2001-04-25 00:00:00 UTC
30483,4,Permit Number 147,Sidewalk: Curb side : Cutout,Tree,1956-09-05 00:00:00 UTC
44940,163,Permit Number 43922,Sidewalk: Curb side : Cutout,Tree,2001-04-25 00:00:00 UTC
46024,203,Permit Number 44451,Sidewalk: Curb side : Cutout,Tree,2001-12-06 00:00:00 UTC
34317,28,Permit Number 38095,Sidewalk: Curb side : Cutout,Tree,1997-07-14 00:00:00 UTC
34857,7,Permit Number 38478,Sidewalk: Curb side : Cutout,Tree,
45770,1,Permit Number 44413,Sidewalk: Curb side : Cutout,Tree,2001-10-24 00:00:00 UTC
48118,286,Permit Number 45761,Sidewalk: Curb side : Cutout,Tree,2002-07-17 00:00:00 UTC
48225,7,Permit Number 45761,Sidewalk: Curb side : Cutout,Tree,2002-07-17 00:00:00 UTC
48283,93,Permit Number 45761,Sidewalk: Curb side : Cutout,Tree,2002-07-17 00:00:00 UTC
44681,101,Permit Number 43835,Sidewalk: Curb side : Cutout,Tree,2001-04-29 00:00:00 UTC
36871,1,Permit Number 39538,Sidewalk: Curb side : Cutout,Tree,1998-05-26 00:00:00 UTC
48339,156,Permit Number 45761,Sidewalk: Curb side : Cutout,Tree,2002-07-17 00:00:00 UTC
45871,87,Permit Number 44451,Sidewalk: Curb side : Cutout,Tree,2001-12-06 00:00:00 UTC
48102,211,Permit Number 45761,Sidewalk: Curb side : Cutout,Tree,2002-07-17 00:00:00 UTC
48318,184,Permit Number 45761,Sidewalk: Curb side : Cutout,Tree,2002-07-17 00:00:00 UTC
46199,7,Permit Number 44518,Sidewalk: Curb side : Cutout,Tree,2001-12-31 00:00:00 UTC
35194,10,Permit Number 38712,Sidewalk: Curb side : Cutout,Tree,1998-02-10 00:00:00 UTC
84710,4,Permit No. 49325,Sidewalk: Curb side : Cutout,Tree,2007-05-17 00:00:00 UTC
34338,4,Permit Number 38095,Sidewalk: Curb side : Cutout,Tree,1997-07-14 00:00:00 UTC
44622,159,Permit Number 43835,Sidewalk: Curb side : Cutout,Tree,2001-04-29 00:00:00 UTC
48200,42,Permit Number 45761,Sidewalk: Curb side : Cutout,Tree,2002-07-17 00:00:00 UTC
48180,73,Permit Number 45761,Sidewalk: Curb side : Cutout,Tree,2002-07-17 00:00:00 UTC
48475,9,Permit Number 45832,Sidewalk: Curb side : Cutout,Tree,
44587,39,Permit Number 43835,Sidewalk: Curb side : Cutout,Tree,2001-04-29 00:00:00 UTC
46059,101,Permit Number 44451,Sidewalk: Curb side : Cutout,Tree,2001-12-06 00:00:00 UTC
46308,11,Permit Number 44564,Sidewalk: Curb side : Cutout,Tree,2002-01-31 00:00:00 UTC
44540,29,Permit Number 43835,Sidewalk: Curb side : Cutout,Tree,2001-04-29 00:00:00 UTC
48198,40,Permit Number 45761,Sidewalk: Curb side : Cutout,Tree,2002-07-17 00:00:00 UTC
48231,15,Permit Number 45761,Sidewalk: Curb side : Cutout,Tree,2002-07-17 00:00:00 UTC
36854,1,Permit Number 39538,Sidewalk: Curb side : Cutout,Tree,1998-05-26 00:00:00 UTC
45897,17,Permit Number 44451,Sidewalk: Curb side : Cutout,Tree,2001-12-06 00:00:00 UTC
44975,47,Permit Number 43922,Sidewalk: Curb side : Cutout,Tree,2001-04-25 00:00:00 UTC
93932,,Permit Number 53387,Front Yard : Yard,Tree,2010-04-28 00:00:00 UTC
48090,200,Permit Number 45761,Sidewalk: Curb side : Cutout,Tree,2002-07-17 00:00:00 UTC
35193,11,Permit Number 38712,Sidewalk: Curb side : Cutout,Tree,1998-02-10 00:00:00 UTC
35798,1,Permit Number 39046,Sidewalk: Curb side : Cutout,Tree,1998-04-22 00:00:00 UTC
48080,204,Permit Number 45761,Sidewalk: Curb side : Cutout,Tree,2002-07-17 00:00:00 UTC
66371,1,Permit Number 29495,Sidewalk: Curb side : Cutout,Tree,1991-01-04 00:00:00 UTC
34336,13,Permit Number 38095,Sidewalk: Curb side : Cutout,Tree,1997-07-14 00:00:00 UTC
61453,1,Permit Number 21392,Sidewalk: Curb side : Cutout,Tree,1984-06-22 00:00:00 UTC
34861,2,Permit Number 38478,Sidewalk: Curb side : Cutout,Tree,
63107,1,Permit Number 23607,Sidewalk: Curb side : Cutout,Tree,1986-12-05 00:00:00 UTC
45901,21,Permit Number 44451,Sidewalk: Curb side : Cutout,Tree,2001-12-06 00:00:00 UTC
44677,76,Permit Number 43835,Sidewalk: Curb side : Cutout,Tree,2001-04-29 00:00:00 UTC
36642,12,Permit Number 39461,Sidewalk: Curb side : Cutout,Tree,1998-05-20 00:00:00 UTC
48145,255,Permit Number 45761,Sidewalk: Curb side : Cutout,Tree,2002-07-17 00:00:00 UTC
65943,1,Permit Number 28964,Sidewalk: Curb side : Cutout,Tree,1990-06-04 00:00:00 UTC
36640,14,Permit Number 39461,Sidewalk: Curb side : Cutout,Tree,1998-05-20 00:00:00 UTC
46883,1,Permit Number 44941,Sidewalk: Curb side : Cutout,Tree,2002-04-26 00:00:00 UTC
34135,4,Permit Number 37986,Sidewalk: Curb side : Cutout,Tree,1997-07-05 00:00:00 UTC
44886,159,Permit Number 43922,Sidewalk: Curb side : Cutout,Tree,2001-04-25 00:00:00 UTC
45944,133,Permit Number 44451,Sidewalk: Curb side : Cutout,Tree,2001-12-06 00:00:00 UTC
45003,115,Permit Number 43922,Sidewalk: Curb side : Cutout,Tree,2001-04-25 00:00:00 UTC
44917,190,Permit Number 43922,Sidewalk: Curb side : Cutout,Tree,2001-04-25 00:00:00 UTC
97355,5,"",Unaccepted Street : Yard,Tree,
48172,65,Permit Number 45761,Sidewalk: Curb side : Cutout,Tree,2002-07-17 00:00:00 UTC
48129,297,Permit Number 45761,Sidewalk: Curb side : Cutout,Tree,2002-07-17 00:00:00 UTC
44879,123,Permit Number 43922,Sidewalk: Curb side : Cutout,Tree,2001-04-25 00:00:00 UTC
44942,175,Permit Number 43922,Sidewalk: Curb side : Cutout,Tree,2001-04-25 00:00:00 UTC
45847,86,Permit Number 44451,Sidewalk: Curb side : Cutout,Tree,2001-12-06 00:00:00 UTC
44639,157,Permit Number 43835,Sidewalk: Curb side : Cutout,Tree,2001-04-29 00:00:00 UTC
44906,140,Permit Number 43922,Sidewalk: Curb side : Cutout,Tree,2001-04-25 00:00:00 UTC
44902,136,Permit Number 43922,Sidewalk: Curb side : Cutout,Tree,2001-04-25 00:00:00 UTC
45893,13,Permit Number 44451,Sidewalk: Curb side : Cutout,Tree,2001-12-06 00:00:00 UTC
34307,29,Permit Number 38095,Sidewalk: Curb side : Cutout,Tree,1997-07-14 00:00:00 UTC
45877,31,Permit Number 44451,Sidewalk: Curb side : Cutout,Tree,2001-12-06 00:00:00 UTC
48215,33,Permit Number 45761,Sidewalk: Curb side : Cutout,Tree,2002-07-17 00:00:00 UTC
48085,195,Permit Number 45761,Sidewalk: Curb side : Cutout,Tree,2002-07-17 00:00:00 UTC
46014,200,Permit Number 44451,Sidewalk: Curb side : Cutout,Tree,2001-12-06 00:00:00 UTC
44882,155,Permit Number 43922,Sidewalk: Curb side : Cutout,Tree,2001-04-25 00:00:00 UTC
36838,4,Permit Number 39538,Sidewalk: Curb side : Cutout,Tree,1998-05-26 00:00:00 UTC
48203,46,Permit Number 45761,Sidewalk: Curb side : Cutout,Tree,2002-07-17 00:00:00 UTC
36617,8,Permit Number 39461,Sidewalk: Curb side : Cutout,Tree,1998-05-20 00:00:00 UTC
46306,19,Permit Number 44564,Sidewalk: Curb side : Cutout,Tree,2002-01-31 00:00:00 UTC
48324,176,Permit Number 45761,Sidewalk: Curb side : Cutout,Tree,2002-07-17 00:00:00 UTC
46004,190,Permit Number 44451,Sidewalk: Curb side : Cutout,Tree,2001-12-06 00:00:00 UTC
48205,48,Permit Number 45761,Sidewalk: Curb side : Cutout,Tree,2002-07-17 00:00:00 UTC
44943,176,Permit Number 43922,Sidewalk: Curb side : Cutout,Tree,2001-04-25 00:00:00 UTC
45895,15,Permit Number 44451,Sidewalk: Curb side : Cutout,Tree,2001-12-06 00:00:00 UTC
48310,164,Permit Number 45761,Sidewalk: Curb side : Cutout,Tree,2002-07-17 00:00:00 UTC
36639,15,Permit Number 39461,Sidewalk: Curb side : Cutout,Tree,1998-05-20 00:00:00 UTC
48201,44,Permit Number 45761,Sidewalk: Curb side : Cutout,Tree,2002-07-17 00:00:00 UTC
48113,279,Permit Number 45761,Sidewalk: Curb side : Cutout,Tree,2002-07-17 00:00:00 UTC
44669,51,Permit Number 43835,Sidewalk: Curb side : Cutout,Tree,2001-04-29 00:00:00 UTC
44686,106,Permit Number 43835,Sidewalk: Curb side : Cutout,Tree,2001-04-29 00:00:00 UTC
48153,263,Permit Number 45761,Sidewalk: Curb side : Cutout,Tree,2002-07-17 00:00:00 UTC
46149,1,Permit Number 44491,Sidewalk: Curb side : Cutout,Tree,2001-12-27 00:00:00 UTC
45007,119,Permit Number 43922,Sidewalk: Curb side : Cutout,Tree,2001-04-25 00:00:00 UTC
45947,144,Permit Number 44451,Sidewalk: Curb side : Cutout,Tree,2001-12-06 00:00:00 UTC
47475,1,Permit Number 45375,Sidewalk: Curb side : Cutout,Tree,2002-05-14 00:00:00 UTC
34120,1,Permit Number 37980,Sidewalk: Curb side : Cutout,Tree,1997-07-05 00:00:00 UTC
44588,116,Permit Number 43835,Sidewalk: Curb side : Cutout,Tree,2001-04-29 00:00:00 UTC
44532,37,Permit Number 43835,Sidewalk: Curb side : Cutout,Tree,2001-04-29 00:00:00 UTC
35700,14,Permit Number 38993,Sidewalk: Curb side : Cutout,Tree,1998-04-10 00:00:00 UTC
45919,65,Permit Number 44451,Sidewalk: Curb side : Cutout,Tree,2001-12-06 00:00:00 UTC
34321,19,Permit Number 38095,Sidewalk: Curb side : Cutout,Tree,1997-07-14 00:00:00 UTC
46192,6,Permit Number 44518,Sidewalk: Curb side : Cutout,Tree,2001-12-31 00:00:00 UTC
48187,80,Permit Number 45761,Sidewalk: Curb side : Cutout,Tree,2002-07-17 00:00:00 UTC
48149,259,Permit Number 45761,Sidewalk: Curb side : Cutout,Tree,2002-07-17 00:00:00 UTC
48334,144,Permit Number 45761,Sidewalk: Curb side : Cutout,Tree,2002-07-17 00:00:00 UTC
45845,81,Permit Number 44451,Sidewalk: Curb side : Cutout,Tree,2001-12-06 00:00:00 UTC
44969,71,Permit Number 43922,Sidewalk: Curb side : Cutout,Tree,2001-04-25 00:00:00 UTC
44947,180,Permit Number 43922,Sidewalk: Curb side : Cutout,Tree,2001-04-25 00:00:00 UTC
44931,122,Permit Number 43922,Sidewalk: Curb side : Cutout,Tree,2001-04-25 00:00:00 UTC
48239,23,Permit Number 45761,Sidewalk: Curb side : Cutout,Tree,2002-07-17 00:00:00 UTC
44908,164,Permit Number 43922,Sidewalk: Curb side : Cutout,Tree,2001-04-25 00:00:00 UTC
45959,164,Permit Number 44451,Sidewalk: Curb side : Cutout,Tree,2001-12-06 00:00:00 UTC
46061,103,Permit Number 44451,Sidewalk: Curb side : Cutout,Tree,2001-12-06 00:00:00 UTC
48306,172,Permit Number 45761,Sidewalk: Curb side : Cutout,Tree,2002-07-17 00:00:00 UTC
44939,172,Permit Number 43922,Sidewalk: Curb side : Cutout,Tree,2001-04-25 00:00:00 UTC
36836,2,Permit Number 39538,Sidewalk: Curb side : Cutout,Tree,1998-05-26 00:00:00 UTC
36565,6,Permit Number 39428,Sidewalk: Curb side : Cutout,Tree,1998-05-19 00:00:00 UTC
48482,4,Permit Number 45832,Sidewalk: Curb side : Cutout,Tree,2002-08-15 00:00:00 UTC
36633,22,Permit Number 39461,Sidewalk: Curb side : Cutout,Tree,1998-05-20 00:00:00 UTC
48236,20,Permit Number 45761,Sidewalk: Curb side : Cutout,Tree,2002-07-17 00:00:00 UTC
44577,131,Permit Number 43835,Sidewalk: Curb side : Cutout,Tree,2001-04-29 00:00:00 UTC
45935,46,Permit Number 44451,Sidewalk: Curb side : Cutout,Tree,2001-12-06 00:00:00 UTC
48073,239,Permit Number 45761,Sidewalk: Curb side : Cutout,Tree,2002-07-17 00:00:00 UTC
36622,4,Permit Number 39461,Sidewalk: Curb side : Cutout,Tree,1998-05-20 00:00:00 UTC
48191,32,Permit Number 45761,Sidewalk: Curb side : Cutout,Tree,2002-07-17 00:00:00 UTC
48184,77,Permit Number 45761,Sidewalk: Curb side : Cutout,Tree,2002-07-17 00:00:00 UTC
84720,3,Permit No. 49313,Sidewalk: Curb side : Cutout,Tree,2007-05-07 00:00:00 UTC
44893,127,Permit Number 43922,Sidewalk: Curb side : Cutout,Tree,2001-04-25 00:00:00 UTC
48146,256,Permit Number 45761,Sidewalk: Curb side : Cutout,Tree,2002-07-17 00:00:00 UTC
46200,2,Permit Number 44518,Sidewalk: Curb side : Cutout,Tree,2001-12-31 00:00:00 UTC
45386,5,Permit Number 44200,Sidewalk: Curb side : Cutout,Tree,2001-07-06 00:00:00 UTC
48254,118,Permit Number 45761,Sidewalk: Curb side : Cutout,Tree,2002-07-17 00:00:00 UTC
44581,145,Permit Number 43835,Sidewalk: Curb side : Cutout,Tree,2001-04-29 00:00:00 UTC
46148,2,Permit Number 44491,Sidewalk: Curb side : Cutout,Tree,2001-12-27 00:00:00 UTC
48220,2,Permit Number 45761,Sidewalk: Curb side : Cutout,Tree,2002-07-17 00:00:00 UTC
48274,84,Permit Number 45761,Sidewalk: Curb side : Cutout,Tree,2002-07-17 00:00:00 UTC
46726,3,Permit Number 44843,Sidewalk: Curb side : Cutout,Tree,2002-04-24 00:00:00 UTC
35175,7,Permit Number 38712,Sidewalk: Curb side : Cutout,Tree,1998-02-10 00:00:00 UTC
44636,164,Permit Number 43835,Sidewalk: Curb side : Cutout,Tree,2001-04-29 00:00:00 UTC
45379,4,Permit Number 44200,Sidewalk: Curb side : Cutout,Tree,
34337,14,Permit Number 38095,Sidewalk: Curb side : Cutout,Tree,1997-07-14 00:00:00 UTC
45989,222,Permit Number 44451,Sidewalk: Curb side : Cutout,Tree,2001-12-06 00:00:00 UTC
46293,9,Permit Number 44564,Sidewalk: Curb side : Cutout,Tree,2002-01-31 00:00:00 UTC
35184,6,Permit Number 38712,Sidewalk: Curb side : Cutout,Tree,1998-02-10 00:00:00 UTC
48481,5,Permit Number 45832,Sidewalk: Curb side : Cutout,Tree,2002-08-15 00:00:00 UTC
48316,182,Permit Number 45761,Sidewalk: Curb side : Cutout,Tree,2002-07-17 00:00:00 UTC
35701,13,Permit Number 38993,Sidewalk: Curb side : Cutout,Tree,1998-04-10 00:00:00 UTC
97356,6,"",Unaccepted Street : Yard,Tree,
34004,3,Permit Number 37940,Sidewalk: Curb side : Cutout,Tree,
44884,157,Permit Number 43922,Sidewalk: Curb side : Cutout,Tree,2001-04-25 00:00:00 UTC
44650,70,Permit Number 43835,Sidewalk: Curb side : Cutout,Tree,2001-04-29 00:00:00 UTC
43481,9,Permit Number 43169,Sidewalk: Curb side : Cutout,Tree,2000-07-19 00:00:00 UTC
44625,153,Permit Number 43835,Sidewalk: Curb side : Cutout,Tree,2001-04-29 00:00:00 UTC
33930,5,Permit Number 37893,Sidewalk: Curb side : Cutout,Tree,1997-03-25 00:00:00 UTC
48174,67,Permit Number 45761,Sidewalk: Curb side : Cutout,Tree,2002-07-17 00:00:00 UTC
44915,188,Permit Number 43922,Sidewalk: Curb side : Cutout,Tree,2001-04-25 00:00:00 UTC
36647,19,Permit Number 39461,Sidewalk: Curb side : Cutout,Tree,1998-05-20 00:00:00 UTC
38804,2,Permit Number 40645,Sidewalk: Curb side : Cutout,Tree,1998-10-23 00:00:00 UTC
45979,128,Permit Number 44451,Sidewalk: Curb side : Cutout,Tree,2001-12-06 00:00:00 UTC
35187,17,Permit Number 38712,Sidewalk: Curb side : Cutout,Tree,1998-02-10 00:00:00 UTC
44896,130,Permit Number 43922,Sidewalk: Curb side : Cutout,Tree,2001-04-25 00:00:00 UTC
36626,7,Permit Number 39461,Sidewalk: Curb side : Cutout,Tree,1998-05-20 00:00:00 UTC
48165,28,Permit Number 45761,Sidewalk: Curb side : Cutout,Tree,2002-07-17 00:00:00 UTC
44679,99,Permit Number 43835,Sidewalk: Curb side : Cutout,Tree,2001-04-29 00:00:00 UTC
45028,101,Permit Number 43922,Sidewalk: Curb side : Cutout,Tree,2001-04-25 00:00:00 UTC
45887,2,Permit Number 44451,Sidewalk: Curb side : Cutout,Tree,2001-12-06 00:00:00 UTC
35799,2,Permit Number 39046,Sidewalk: Curb side : Cutout,Tree,1998-04-22 00:00:00 UTC
38798,10,Permit Number 40645,Sidewalk: Curb side : Cutout,Tree,1998-10-23 00:00:00 UTC
45024,97,Permit Number 43922,Sidewalk: Curb side : Cutout,Tree,2001-04-25 00:00:00 UTC
44868,27,Permit Number 43922,Sidewalk: Curb side : Cutout,Tree,2001-04-25 00:00:00 UTC
38805,1,Permit Number 40645,Sidewalk: Curb side : Cutout,Tree,1998-10-23 00:00:00 UTC
45001,102,Permit Number 43922,Sidewalk: Curb side : Cutout,Tree,2001-04-25 00:00:00 UTC
34132,3,Permit Number 37986,Sidewalk: Curb side : Cutout,Tree,1997-07-05 00:00:00 UTC
60867,1,Permit Number 20649,Sidewalk: Curb side : Cutout,Tree,1983-04-25 00:00:00 UTC
44623,151,Permit Number 43835,Sidewalk: Curb side : Cutout,Tree,2001-04-29 00:00:00 UTC
48292,102,Permit Number 45761,Sidewalk: Curb side : Cutout,Tree,2002-07-17 00:00:00 UTC
35183,1,Permit Number 38712,Sidewalk: Curb side : Cutout,Tree,1998-02-10 00:00:00 UTC
48053,229,Permit Number 45761,Sidewalk: Curb side : Cutout,Tree,2002-07-17 00:00:00 UTC
35278,5,Permit Number 38758,Sidewalk: Curb side : Cutout,Tree,1998-02-17 00:00:00 UTC
34122,1,Permit Number 37981,Sidewalk: Curb side : Cutout,Tree,1997-07-05 00:00:00 UTC
34330,8,Permit Number 38095,Sidewalk: Curb side : Cutout,Tree,1997-07-14 00:00:00 UTC
48156,266,Permit Number 45761,Sidewalk: Curb side : Cutout,Tree,2002-07-17 00:00:00 UTC
48313,179,Permit Number 45761,Sidewalk: Curb side : Cutout,Tree,2002-07-17 00:00:00 UTC
45881,7,Permit Number 44451,Sidewalk: Curb side : Cutout,Tree,2001-12-06 00:00:00 UTC
48188,69,Permit Number 45761,Sidewalk: Curb side : Cutout,Tree,2002-07-17 00:00:00 UTC
48293,103,Permit Number 45761,Sidewalk: Curb side : Cutout,Tree,2002-07-17 00:00:00 UTC
45963,160,Permit Number 44451,Sidewalk: Curb side : Cutout,Tree,2001-12-06 00:00:00 UTC
48322,188,Permit Number 45761,Sidewalk: Curb side : Cutout,Tree,2002-07-17 00:00:00 UTC
48308,174,Permit Number 45761,Sidewalk: Curb side : Cutout,Tree,2002-07-17 00:00:00 UTC
45976,131,Permit Number 44451,Sidewalk: Curb side : Cutout,Tree,2001-12-06 00:00:00 UTC
35189,15,Permit Number 38712,Sidewalk: Curb side : Cutout,Tree,1998-02-10 00:00:00 UTC
46047,170,Permit Number 44451,Sidewalk: Curb side : Cutout,Tree,2001-12-06 00:00:00 UTC
45940,69,Permit Number 44451,Sidewalk: Curb side : Cutout,Tree,2001-12-06 00:00:00 UTC
44603,121,Permit Number 43835,Sidewalk: Curb side : Cutout,Tree,2001-04-29 00:00:00 UTC
46305,8,Permit Number 44564,Sidewalk: Curb side : Cutout,Tree,2002-01-31 00:00:00 UTC
36857,1,Permit Number 39538,Sidewalk: Curb side : Cutout,Tree,1998-05-26 00:00:00 UTC
43484,6,Permit Number 43169,Sidewalk: Curb side : Cutout,Tree,2000-07-19 00:00:00 UTC
48065,219,Permit Number 45761,Sidewalk: Curb side : Cutout,Tree,2002-07-17 00:00:00 UTC
48136,260,Permit Number 45761,Sidewalk: Curb side : Cutout,Tree,2002-07-17 00:00:00 UTC
45981,126,Permit Number 44451,Sidewalk: Curb side : Cutout,Tree,2001-12-06 00:00:00 UTC
45029,91,Permit Number 43922,Sidewalk: Curb side : Cutout,Tree,2001-04-25 00:00:00 UTC
44660,42,Permit Number 43835,Sidewalk: Curb side : Cutout,Tree,2001-04-29 00:00:00 UTC
44621,175,Permit Number 43835,Sidewalk: Curb side : Cutout,Tree,2001-04-29 00:00:00 UTC
44710,94,Permit Number 43835,Sidewalk: Curb side : Cutout,Tree,2001-04-29 00:00:00 UTC
44620,184,Permit Number 43835,Sidewalk: Curb side : Cutout,Tree,2001-04-29 00:00:00 UTC
46719,3,Permit Number 44843,Sidewalk: Curb side : Cutout,Tree,2002-04-24 00:00:00 UTC
34904,3,Permit Number 38505,Sidewalk: Curb side : Cutout,Tree,1997-09-05 00:00:00 UTC
48470,12,Permit Number 45832,Sidewalk: Curb side : Cutout,Tree,
44560,15,Permit Number 43835,Sidewalk: Curb side : Cutout,Tree,2001-04-29 00:00:00 UTC
44559,16,Permit Number 43835,Sidewalk: Curb side : Cutout,Tree,2001-04-29 00:00:00 UTC
48054,228,Permit Number 45761,Sidewalk: Curb side : Cutout,Tree,2002-07-17 00:00:00 UTC
45936,47,Permit Number 44451,Sidewalk: Curb side : Cutout,Tree,2001-12-06 00:00:00 UTC
44999,103,Permit Number 43922,Sidewalk: Curb side : Cutout,Tree,2001-04-25 00:00:00 UTC
62946,1,Permit Number 23328,Sidewalk: Curb side : Cutout,Tree,1984-09-13 00:00:00 UTC
46147,1,Permit Number 44490,Sidewalk: Curb side : Cutout,Tree,2001-12-27 00:00:00 UTC
46291,4,Permit Number 44564,Sidewalk: Curb side : Cutout,Tree,2002-01-31 00:00:00 UTC
46885,3,Permit Number 44941,Sidewalk: Curb side : Cutout,Tree,2002-04-26 00:00:00 UTC
45849,76,Permit Number 44451,Sidewalk: Curb side : Cutout,Tree,2001-12-06 00:00:00 UTC
46000,118,Permit Number 44451,Sidewalk: Curb side : Cutout,Tree,2001-12-06 00:00:00 UTC
35282,2,Permit Number 38758,Sidewalk: Curb side : Cutout,Tree,1998-02-17 00:00:00 UTC
48173,66,Permit Number 45761,Sidewalk: Curb side : Cutout,Tree,2002-07-17 00:00:00 UTC
44632,160,Permit Number 43835,Sidewalk: Curb side : Cutout,Tree,2001-04-29 00:00:00 UTC
34901,7,Permit Number 38505,Sidewalk: Curb side : Cutout,Tree,1997-09-05 00:00:00 UTC
35705,7,Permit Number 38993,Sidewalk: Curb side : Cutout,Tree,1998-04-10 00:00:00 UTC
44844,1,Permit Number 43922,Sidewalk: Curb side : Cutout,Tree,2001-04-25 00:00:00 UTC
31847,2,Permit Number 35298,Sidewalk: Curb side : Cutout,Tree,1995-06-19 00:00:00 UTC
34003,2,Permit Number 37940,Sidewalk: Curb side : Cutout,Tree,
48064,223,Permit Number 45761,Sidewalk: Curb side : Cutout,Tree,2002-07-17 00:00:00 UTC
45904,24,Permit Number 44451,Sidewalk: Curb side : Cutout,Tree,2001-12-06 00:00:00 UTC
43017,2,Permit Number 42880,Sidewalk: Curb side : Cutout,Tree,2000-07-05 00:00:00 UTC
48285,95,Permit Number 45761,Sidewalk: Curb side : Cutout,Tree,2002-07-17 00:00:00 UTC
84718,1,Permit No. 49313,Sidewalk: Curb side : Cutout,Tree,2007-05-07 00:00:00 UTC
45864,94,Permit Number 44451,Sidewalk: Curb side : Cutout,Tree,2001-12-06 00:00:00 UTC
45994,137,Permit Number 44451,Sidewalk: Curb side : Cutout,Tree,2001-12-06 00:00:00 UTC
44840,14,Permit Number 43922,Sidewalk: Curb side : Cutout,Tree,2001-04-25 00:00:00 UTC
44912,185,Permit Number 43922,Sidewalk: Curb side : Cutout,Tree,2001-04-25 00:00:00 UTC
36862,7,Permit Number 39538,Sidewalk: Curb side : Cutout,Tree,1998-05-26 00:00:00 UTC
34323,6,Permit Number 38095,Sidewalk: Curb side : Cutout,Tree,1997-07-14 00:00:00 UTC
46053,185,Permit Number 44451,Sidewalk: Curb side : Cutout,Tree,2001-12-06 00:00:00 UTC
45996,114,Permit Number 44451,Sidewalk: Curb side : Cutout,Tree,2001-12-06 00:00:00 UTC
44689,109,Permit Number 43835,Sidewalk: Curb side : Cutout,Tree,2001-04-29 00:00:00 UTC
35192,12,Permit Number 38712,Sidewalk: Curb side : Cutout,Tree,1998-02-10 00:00:00 UTC
33932,1,Permit Number 37893,Sidewalk: Curb side : Cutout,Tree,1997-03-25 00:00:00 UTC
45856,93,Permit Number 44451,Sidewalk: Curb side : Cutout,Tree,2001-12-06 00:00:00 UTC
45898,26,Permit Number 44451,Sidewalk: Curb side : Cutout,Tree,2001-12-06 00:00:00 UTC
45008,120,Permit Number 43922,Sidewalk: Curb side : Cutout,Tree,2001-04-25 00:00:00 UTC
45961,162,Permit Number 44451,Sidewalk: Curb side : Cutout,Tree,2001-12-06 00:00:00 UTC
48260,124,Permit Number 45761,Sidewalk: Curb side : Cutout,Tree,2002-07-17 00:00:00 UTC
44630,158,Permit Number 43835,Sidewalk: Curb side : Cutout,Tree,2001-04-29 00:00:00 UTC
48079,231,Permit Number 45761,Sidewalk: Curb side : Cutout,Tree,2002-07-17 00:00:00 UTC
44598,126,Permit Number 43835,Sidewalk: Curb side : Cutout,Tree,2001-04-29 00:00:00 UTC
44580,144,Permit Number 43835,Sidewalk: Curb side : Cutout,Tree,2001-04-29 00:00:00 UTC
44854,35,Permit Number 43922,Sidewalk: Curb side : Cutout,Tree,2001-04-25 00:00:00 UTC
45906,16,Permit Number 44451,Sidewalk: Curb side : Cutout,Tree,2001-12-06 00:00:00 UTC
45879,8,Permit Number 44451,Sidewalk: Curb side : Cutout,Tree,2001-12-06 00:00:00 UTC
44529,23,Permit Number 43835,Sidewalk: Curb side : Cutout,Tree,2001-04-29 00:00:00 UTC
36612,5,Permit Number 39461,Sidewalk: Curb side : Cutout,Tree,1998-05-20 00:00:00 UTC
44552,10,Permit Number 43835,Sidewalk: Curb side : Cutout,Tree,2001-04-29 00:00:00 UTC
44905,139,Permit Number 43922,Sidewalk: Curb side : Cutout,Tree,2001-04-25 00:00:00 UTC
66329,1,Permit Number 29448,Sidewalk: Curb side : Cutout,Tree,1990-12-05 00:00:00 UTC
35174,8,Permit Number 38712,Sidewalk: Curb side : Cutout,Tree,1998-02-10 00:00:00 UTC
36635,10,Permit Number 39461,Sidewalk: Curb side : Cutout,Tree,1998-05-20 00:00:00 UTC
46072,3,Permit Number 44455,Sidewalk: Curb side : Cutout,Tree,2001-12-12 00:00:00 UTC
97352,2,"",Unaccepted Street : Yard,Tree,
44648,68,Permit Number 43835,Sidewalk: Curb side : Cutout,Tree,2001-04-29 00:00:00 UTC
48163,258,Permit Number 45761,Sidewalk: Curb side : Cutout,Tree,2002-07-17 00:00:00 UTC
44898,144,Permit Number 43922,Sidewalk: Curb side : Cutout,Tree,2001-04-25 00:00:00 UTC
34858,4,Permit Number 38478,Sidewalk: Curb side : Cutout,Tree,
48296,135,Permit Number 45761,Sidewalk: Curb side : Cutout,Tree,2002-07-17 00:00:00 UTC
44684,104,Permit Number 43835,Sidewalk: Curb side : Cutout,Tree,2001-04-29 00:00:00 UTC
34902,5,Permit Number 38505,Sidewalk: Curb side : Cutout,Tree,1997-09-05 00:00:00 UTC
48056,226,Permit Number 45761,Sidewalk: Curb side : Cutout,Tree,2002-07-17 00:00:00 UTC
48327,137,Permit Number 45761,Sidewalk: Curb side : Cutout,Tree,2002-07-17 00:00:00 UTC
36641,13,Permit Number 39461,Sidewalk: Curb side : Cutout,Tree,1998-05-20 00:00:00 UTC
45663,1,Permit Number 44359,Sidewalk: Curb side : Cutout,Tree,
44981,62,Permit Number 43922,Sidewalk: Curb side : Cutout,Tree,2001-04-25 00:00:00 UTC
65084,1,Permit Number 27048,Sidewalk: Curb side : Cutout,Tree,1989-06-14 00:00:00 UTC
45381,4,Permit Number 44200,Sidewalk: Curb side : Cutout,Tree,2001-07-06 00:00:00 UTC
44575,132,Permit Number 43835,Sidewalk: Curb side : Cutout,Tree,2001-04-29 00:00:00 UTC
45900,20,Permit Number 44451,Sidewalk: Curb side : Cutout,Tree,2001-12-06 00:00:00 UTC
48267,131,Permit Number 45761,Sidewalk: Curb side : Cutout,Tree,2002-07-17 00:00:00 UTC
44856,33,Permit Number 43922,Sidewalk: Curb side : Cutout,Tree,2001-04-25 00:00:00 UTC
60023,1,Permit Number 19510,Sidewalk: Curb side : Cutout,Tree,1982-01-25 00:00:00 UTC
44883,156,Permit Number 43922,Sidewalk: Curb side : Cutout,Tree,2001-04-25 00:00:00 UTC
34313,23,Permit Number 38095,Sidewalk: Curb side : Cutout,Tree,1997-07-14 00:00:00 UTC
43488,4,Permit Number 43169,Sidewalk: Curb side : Cutout,Tree,2000-07-19 00:00:00 UTC
44693,103,Permit Number 43835,Sidewalk: Curb side : Cutout,Tree,2001-04-29 00:00:00 UTC
48101,210,Permit Number 45761,Sidewalk: Curb side : Cutout,Tree,2002-07-17 00:00:00 UTC
66482,1,Permit Number 29639,Sidewalk: Curb side : Cutout,Tree,1991-01-31 00:00:00 UTC
45950,147,Permit Number 44451,Sidewalk: Curb side : Cutout,Tree,2001-12-06 00:00:00 UTC
38767,4,Permit Number 40634,Sidewalk: Curb side : Cutout,Tree,1998-10-20 00:00:00 UTC
44894,128,Permit Number 43922,Sidewalk: Curb side : Cutout,Tree,2001-04-25 00:00:00 UTC
48352,158,Permit Number 45761,Sidewalk: Curb side : Cutout,Tree,2002-07-17 00:00:00 UTC
48192,34,Permit Number 45761,Sidewalk: Curb side : Cutout,Tree,2002-07-17 00:00:00 UTC
33083,2,Permit Number 37336,Sidewalk: Curb side : Cutout,Tree,1996-11-05 00:00:00 UTC
45899,19,Permit Number 44451,Sidewalk: Curb side : Cutout,Tree,2001-12-06 00:00:00 UTC
58847,1,Permit Number 18105,Sidewalk: Curb side : Cutout,Tree,1979-12-10 00:00:00 UTC
44980,52,Permit Number 43922,Sidewalk: Curb side : Cutout,Tree,2001-04-25 00:00:00 UTC
44631,113,Permit Number 43835,Sidewalk: Curb side : Cutout,Tree,2001-04-29 00:00:00 UTC
46066,135,Permit Number 44451,Sidewalk: Curb side : Cutout,Tree,2001-12-06 00:00:00 UTC
44852,37,Permit Number 43922,Sidewalk: Curb side : Cutout,Tree,2001-04-25 00:00:00 UTC
44833,5,Permit Number 43922,Sidewalk: Curb side : Cutout,Tree,2001-04-25 00:00:00 UTC
36646,18,Permit Number 39461,Sidewalk: Curb side : Cutout,Tree,1998-05-20 00:00:00 UTC
48063,220,Permit Number 45761,Sidewalk: Curb side : Cutout,Tree,2002-07-17 00:00:00 UTC
48477,7,Permit Number 45832,Sidewalk: Curb side : Cutout,Tree,
48473,11,Permit Number 45832,Sidewalk: Curb side : Cutout,Tree,
59666,1,Permit Number 19088,Sidewalk: Curb side : Cutout,Tree,1981-03-30 00:00:00 UTC
34101,2,Permit Number 37975,Sidewalk: Curb side : Cutout,Tree,1997-07-05 00:00:00 UTC
34116,3,Permit Number 37979,Sidewalk: Curb side : Cutout,Tree,1997-07-05 00:00:00 UTC
36645,9,Permit Number 39461,Sidewalk: Curb side : Cutout,Tree,1998-05-20 00:00:00 UTC
44607,171,Permit Number 43835,Sidewalk: Curb side : Cutout,Tree,2001-04-29 00:00:00 UTC
84721,4,Permit No. 49313,Sidewalk: Curb side : Cutout,Tree,2007-05-07 00:00:00 UTC
36844,8,Permit Number 39538,Sidewalk: Curb side : Cutout,Tree,1998-05-26 00:00:00 UTC
48245,109,Permit Number 45761,Sidewalk: Curb side : Cutout,Tree,2002-07-17 00:00:00 UTC
46020,217,Permit Number 44451,Sidewalk: Curb side : Cutout,Tree,2001-12-06 00:00:00 UTC
48349,152,Permit Number 45761,Sidewalk: Curb side : Cutout,Tree,2002-07-17 00:00:00 UTC
45914,33,Permit Number 44451,Sidewalk: Curb side : Cutout,Tree,2001-12-06 00:00:00 UTC
48251,115,Permit Number 45761,Sidewalk: Curb side : Cutout,Tree,2002-07-17 00:00:00 UTC
44542,27,Permit Number 43835,Sidewalk: Curb side : Cutout,Tree,2001-04-29 00:00:00 UTC
48227,9,Permit Number 45761,Sidewalk: Curb side : Cutout,Tree,2002-07-17 00:00:00 UTC
36653,6,Permit Number 39461,Sidewalk: Curb side : Cutout,Tree,1998-05-20 00:00:00 UTC
93053,,Permit Number 53387,Front Yard : Yard,Tree,2010-04-28 00:00:00 UTC
38801,6,Permit Number 40645,Sidewalk: Curb side : Cutout,Tree,1998-10-23 00:00:00 UTC
36859,4,Permit Number 39538,Sidewalk: Curb side : Cutout,Tree,1998-05-26 00:00:00 UTC
36559,8,Permit Number 39428,Sidewalk: Curb side : Cutout,Tree,1998-05-19 00:00:00 UTC
45917,63,Permit Number 44451,Sidewalk: Curb side : Cutout,Tree,2001-12-06 00:00:00 UTC
45903,23,Permit Number 44451,Sidewalk: Curb side : Cutout,Tree,2001-12-06 00:00:00 UTC
46030,207,Permit Number 44451,Sidewalk: Curb side : Cutout,Tree,2001-12-06 00:00:00 UTC
45922,68,Permit Number 44451,Sidewalk: Curb side : Cutout,Tree,2001-12-06 00:00:00 UTC
35275,4,Permit Number 38758,Sidewalk: Curb side : Cutout,Tree,1998-02-17 00:00:00 UTC
43018,3,Permit Number 42880,Sidewalk: Curb side : Cutout,Tree,2000-07-05 00:00:00 UTC
44649,57,Permit Number 43835,Sidewalk: Curb side : Cutout,Tree,2001-04-29 00:00:00 UTC
44611,168,Permit Number 43835,Sidewalk: Curb side : Cutout,Tree,2001-04-29 00:00:00 UTC
44572,136,Permit Number 43835,Sidewalk: Curb side : Cutout,Tree,2001-04-29 00:00:00 UTC
50776,1,Permit Number 47304,Sidewalk: Curb side : Cutout,Tree,
45977,130,Permit Number 44451,Sidewalk: Curb side : Cutout,Tree,2001-12-06 00:00:00 UTC
45858,100,Permit Number 44451,Sidewalk: Curb side : Cutout,Tree,2001-12-06 00:00:00 UTC
36637,17,Permit Number 39461,Sidewalk: Curb side : Cutout,Tree,1998-05-20 00:00:00 UTC
48842,1,Permit Number 46057,Sidewalk: Curb side : Cutout,Tree,2002-11-08 00:00:00 UTC
66098,1,Permit Number 29146,Sidewalk: Curb side : Cutout,Tree,1990-08-08 00:00:00 UTC
44605,148,Permit Number 43835,Sidewalk: Curb side : Cutout,Tree,2001-04-29 00:00:00 UTC
45960,163,Permit Number 44451,Sidewalk: Curb side : Cutout,Tree,2001-12-06 00:00:00 UTC
44672,54,Permit Number 43835,Sidewalk: Curb side : Cutout,Tree,2001-04-29 00:00:00 UTC
46729,5,Permit Number 44843,Sidewalk: Curb side : Cutout,Tree,2002-04-24 00:00:00 UTC
48487,4,Permit Number 45832,Sidewalk: Curb side : Cutout,Tree,
34326,2,Permit Number 38095,Sidewalk: Curb side : Cutout,Tree,1997-07-14 00:00:00 UTC
48121,289,Permit Number 45761,Sidewalk: Curb side : Cutout,Tree,2002-07-17 00:00:00 UTC
48091,201,Permit Number 45761,Sidewalk: Curb side : Cutout,Tree,2002-07-17 00:00:00 UTC
48169,62,Permit Number 45761,Sidewalk: Curb side : Cutout,Tree,2002-07-17 00:00:00 UTC
66483,1,Permit Number 29640,Sidewalk: Curb side : Cutout,Tree,1991-01-31 00:00:00 UTC
44695,79,Permit Number 43835,Sidewalk: Curb side : Cutout,Tree,2001-04-29 00:00:00 UTC
30481,1,Permit Number 147,Sidewalk: Curb side : Cutout,Tree,1956-09-05 00:00:00 UTC
48144,254,Permit Number 45761,Sidewalk: Curb side : Cutout,Tree,2002-07-17 00:00:00 UTC
44619,183,Permit Number 43835,Sidewalk: Curb side : Cutout,Tree,2001-04-29 00:00:00 UTC
46196,3,Permit Number 44518,Sidewalk: Curb side : Cutout,Tree,2001-12-31 00:00:00 UTC
44556,19,Permit Number 43835,Sidewalk: Curb side : Cutout,Tree,2001-04-29 00:00:00 UTC
46050,179,Permit Number 44451,Sidewalk: Curb side : Cutout,Tree,2001-12-06 00:00:00 UTC
48059,230,Permit Number 45761,Sidewalk: Curb side : Cutout,Tree,2002-07-17 00:00:00 UTC
65075,1,Permit Number 27037,Sidewalk: Curb side : Cutout,Tree,1989-06-13 00:00:00 UTC
45860,98,Permit Number 44451,Sidewalk: Curb side : Cutout,Tree,2001-12-06 00:00:00 UTC
44923,196,Permit Number 43922,Sidewalk: Curb side : Cutout,Tree,2001-04-25 00:00:00 UTC
43016,4,Permit Number 42880,Sidewalk: Curb side : Cutout,Tree,2000-07-05 00:00:00 UTC
35196,5,Permit Number 38712,Sidewalk: Curb side : Cutout,Tree,1998-02-10 00:00:00 UTC
44616,180,Permit Number 43835,Sidewalk: Curb side : Cutout,Tree,2001-04-29 00:00:00 UTC
66436,1,Permit Number 29579,Sidewalk: Curb side : Cutout,Tree,1991-01-09 00:00:00 UTC
48206,49,Permit Number 45761,Sidewalk: Curb side : Cutout,Tree,2002-07-17 00:00:00 UTC
48335,145,Permit Number 45761,Sidewalk: Curb side : Cutout,Tree,2002-07-17 00:00:00 UTC
36619,1,Permit Number 39461,Sidewalk: Curb side : Cutout,Tree,1998-05-20 00:00:00 UTC
44534,35,Permit Number 43835,Sidewalk: Curb side : Cutout,Tree,2001-04-29 00:00:00 UTC
48067,214,Permit Number 45761,Sidewalk: Curb side : Cutout,Tree,2002-07-17 00:00:00 UTC
44586,123,Permit Number 43835,Sidewalk: Curb side : Cutout,Tree,2001-04-29 00:00:00 UTC
44979,63,Permit Number 43922,Sidewalk: Curb side : Cutout,Tree,2001-04-25 00:00:00 UTC
46063,105,Permit Number 44451,Sidewalk: Curb side : Cutout,Tree,2001-12-06 00:00:00 UTC
34970,4,Permit Number 38555,Sidewalk: Curb side : Cutout,Tree,1997-12-18 00:00:00 UTC
35690,9,Permit Number 38993,Sidewalk: Curb side : Cutout,Tree,1998-04-10 00:00:00 UTC
44935,168,Permit Number 43922,Sidewalk: Curb side : Cutout,Tree,2001-04-25 00:00:00 UTC
84719,2,Permit No. 49313,Sidewalk: Curb side : Cutout,Tree,2007-05-07 00:00:00 UTC
44970,53,Permit Number 43922,Sidewalk: Curb side : Cutout,Tree,2001-04-25 00:00:00 UTC
44830,10,Permit Number 43922,Sidewalk: Curb side : Cutout,Tree,2001-04-25 00:00:00 UTC
44918,183,Permit Number 43922,Sidewalk: Curb side : Cutout,Tree,2001-04-25 00:00:00 UTC
36835,6,Permit Number 39538,Sidewalk: Curb side : Cutout,Tree,1998-05-26 00:00:00 UTC
45012,84,Permit Number 43922,Sidewalk: Curb side : Cutout,Tree,2001-04-25 00:00:00 UTC
46043,174,Permit Number 44451,Sidewalk: Curb side : Cutout,Tree,2001-12-06 00:00:00 UTC
35276,3,Permit Number 38758,Sidewalk: Curb side : Cutout,Tree,1998-02-17 00:00:00 UTC
44651,71,Permit Number 43835,Sidewalk: Curb side : Cutout,Tree,2001-04-29 00:00:00 UTC
58844,1,Permit Number 18101,Sidewalk: Curb side : Cutout,Tree,1979-12-06 00:00:00 UTC
43015,1,Permit Number 42880,Sidewalk: Curb side : Cutout,Tree,2000-07-05 00:00:00 UTC
45948,145,Permit Number 44451,Sidewalk: Curb side : Cutout,Tree,2001-12-06 00:00:00 UTC
44851,38,Permit Number 43922,Sidewalk: Curb side : Cutout,Tree,2001-04-25 00:00:00 UTC
44698,82,Permit Number 43835,Sidewalk: Curb side : Cutout,Tree,2001-04-29 00:00:00 UTC
44596,124,Permit Number 43835,Sidewalk: Curb side : Cutout,Tree,2001-04-29 00:00:00 UTC
44914,187,Permit Number 43922,Sidewalk: Curb side : Cutout,Tree,2001-04-25 00:00:00 UTC
44712,65,Permit Number 43835,Sidewalk: Curb side : Cutout,Tree,2001-04-29 00:00:00 UTC
34855,3,Permit Number 38478,Sidewalk: Curb side : Cutout,Tree,
46038,112,Permit Number 44451,Sidewalk: Curb side : Cutout,Tree,2001-12-06 00:00:00 UTC
46884,2,Permit Number 44941,Sidewalk: Curb side : Cutout,Tree,2002-04-26 00:00:00 UTC
44557,18,Permit Number 43835,Sidewalk: Curb side : Cutout,Tree,2001-04-29 00:00:00 UTC
44544,25,Permit Number 43835,Sidewalk: Curb side : Cutout,Tree,2001-04-29 00:00:00 UTC
46140,2,Permit Number 44490,Sidewalk: Curb side : Cutout,Tree,2001-12-27 00:00:00 UTC
45889,18,Permit Number 44451,Sidewalk: Curb side : Cutout,Tree,2001-12-06 00:00:00 UTC
44958,82,Permit Number 43922,Sidewalk: Curb side : Cutout,Tree,2001-04-25 00:00:00 UTC
46033,213,Permit Number 44451,Sidewalk: Curb side : Cutout,Tree,2001-12-06 00:00:00 UTC
48340,161,Permit Number 45761,Sidewalk: Curb side : Cutout,Tree,2002-07-17 00:00:00 UTC
48303,169,Permit Number 45761,Sidewalk: Curb side : Cutout,Tree,2002-07-17 00:00:00 UTC
84717,11,Permit No. 49325,Sidewalk: Curb side : Cutout,Tree,2007-05-17 00:00:00 UTC
46728,1,Permit Number 44843,Sidewalk: Curb side : Cutout,Tree,2002-04-24 00:00:00 UTC
48743,1,Permit Number 46023,Sidewalk: Curb side : Cutout,Tree,
45985,122,Permit Number 44451,Sidewalk: Curb side : Cutout,Tree,2001-12-06 00:00:00 UTC
36634,20,Permit Number 39461,Sidewalk: Curb side : Cutout,Tree,1998-05-20 00:00:00 UTC
48272,82,Permit Number 45761,Sidewalk: Curb side : Cutout,Tree,2002-07-17 00:00:00 UTC
44543,26,Permit Number 43835,Sidewalk: Curb side : Cutout,Tree,2001-04-29 00:00:00 UTC
34322,27,Permit Number 38095,Sidewalk: Curb side : Cutout,Tree,1997-07-14 00:00:00 UTC
44670,52,Permit Number 43835,Sidewalk: Curb side : Cutout,Tree,2001-04-29 00:00:00 UTC
44966,79,Permit Number 43922,Sidewalk: Curb side : Cutout,Tree,2001-04-25 00:00:00 UTC
36561,5,Permit Number 39428,Sidewalk: Curb side : Cutout,Tree,1998-05-19 00:00:00 UTC
44973,45,Permit Number 43922,Sidewalk: Curb side : Cutout,Tree,2001-04-25 00:00:00 UTC
44925,198,Permit Number 43922,Sidewalk: Curb side : Cutout,Tree,2001-04-25 00:00:00 UTC
44904,138,Permit Number 43922,Sidewalk: Curb side : Cutout,Tree,2001-04-25 00:00:00 UTC
45851,74,Permit Number 44451,Sidewalk: Curb side : Cutout,Tree,2001-12-06 00:00:00 UTC
44855,17,Permit Number 43922,Sidewalk: Curb side : Cutout,Tree,2001-04-25 00:00:00 UTC
31845,3,Permit Number 35298,Sidewalk: Curb side : Cutout,Tree,1995-06-19 00:00:00 UTC
46009,195,Permit Number 44451,Sidewalk: Curb side : Cutout,Tree,2001-12-06 00:00:00 UTC
35188,16,Permit Number 38712,Sidewalk: Curb side : Cutout,Tree,1998-02-10 00:00:00 UTC
44948,181,Permit Number 43922,Sidewalk: Curb side : Cutout,Tree,2001-04-25 00:00:00 UTC
48207,50,Permit Number 45761,Sidewalk: Curb side : Cutout,Tree,2002-07-17 00:00:00 UTC
33086,1,Permit Number 37336,Sidewalk: Curb side : Cutout,Tree,1996-11-05 00:00:00 UTC
35689,12,Permit Number 38993,Sidewalk: Curb side : Cutout,Tree,1998-04-10 00:00:00 UTC
48226,8,Permit Number 45761,Sidewalk: Curb side : Cutout,Tree,2002-07-17 00:00:00 UTC
48095,205,Permit Number 45761,Sidewalk: Curb side : Cutout,Tree,2002-07-17 00:00:00 UTC
34906,1,Permit Number 38505,Sidewalk: Curb side : Cutout,Tree,1997-09-05 00:00:00 UTC
34133,2,Permit Number 37986,Sidewalk: Curb side : Cutout,Tree,1997-07-05 00:00:00 UTC
44932,165,Permit Number 43922,Sidewalk: Curb side : Cutout,Tree,2001-04-25 00:00:00 UTC
48088,198,Permit Number 45761,Sidewalk: Curb side : Cutout,Tree,2002-07-17 00:00:00 UTC
48747,5,Permit Number 46023,Sidewalk: Curb side : Cutout,Tree,
48282,108,Permit Number 45761,Sidewalk: Curb side : Cutout,Tree,2002-07-17 00:00:00 UTC
44662,44,Permit Number 43835,Sidewalk: Curb side : Cutout,Tree,2001-04-29 00:00:00 UTC
84713,7,Permit No. 49325,Sidewalk: Curb side : Cutout,Tree,2007-05-17 00:00:00 UTC
36870,4,Permit Number 39538,Sidewalk: Curb side : Cutout,Tree,1998-05-26 00:00:00 UTC
48232,16,Permit Number 45761,Sidewalk: Curb side : Cutout,Tree,2002-07-17 00:00:00 UTC
64906,1,Permit Number 25933,Sidewalk: Curb side : Cutout,Tree,1989-03-20 00:00:00 UTC
45846,80,Permit Number 44451,Sidewalk: Curb side : Cutout,Tree,2001-12-06 00:00:00 UTC
36847,1,Permit Number 39538,Sidewalk: Curb side : Cutout,Tree,1998-05-26 00:00:00 UTC
44597,125,Permit Number 43835,Sidewalk: Curb side : Cutout,Tree,2001-04-29 00:00:00 UTC
48249,113,Permit Number 45761,Sidewalk: Curb side : Cutout,Tree,2002-07-17 00:00:00 UTC
48224,6,Permit Number 45761,Sidewalk: Curb side : Cutout,Tree,2002-07-17 00:00:00 UTC
44547,20,Permit Number 43835,Sidewalk: Curb side : Cutout,Tree,2001-04-29 00:00:00 UTC
48256,134,Permit Number 45761,Sidewalk: Curb side : Cutout,Tree,2002-07-17 00:00:00 UTC
45863,85,Permit Number 44451,Sidewalk: Curb side : Cutout,Tree,2001-12-06 00:00:00 UTC
57917,1,Permit Number 16875,Sidewalk: Curb side : Cutout,Tree,1977-06-16 00:00:00 UTC
45896,27,Permit Number 44451,Sidewalk: Curb side : Cutout,Tree,2001-12-06 00:00:00 UTC
48193,35,Permit Number 45761,Sidewalk: Curb side : Cutout,Tree,2002-07-17 00:00:00 UTC
45983,124,Permit Number 44451,Sidewalk: Curb side : Cutout,Tree,2001-12-06 00:00:00 UTC
44564,12,Permit Number 43835,Sidewalk: Curb side : Cutout,Tree,2001-04-29 00:00:00 UTC
36858,3,Permit Number 39538,Sidewalk: Curb side : Cutout,Tree,1998-05-26 00:00:00 UTC
36620,6,Permit Number 39461,Sidewalk: Curb side : Cutout,Tree,1998-05-20 00:00:00 UTC
44584,114,Permit Number 43835,Sidewalk: Curb side : Cutout,Tree,2001-04-29 00:00:00 UTC
44881,142,Permit Number 43922,Sidewalk: Curb side : Cutout,Tree,2001-04-25 00:00:00 UTC
45867,91,Permit Number 44451,Sidewalk: Curb side : Cutout,Tree,2001-12-06 00:00:00 UTC
34859,1,Permit Number 38478,Sidewalk: Curb side : Cutout,Tree,
46046,171,Permit Number 44451,Sidewalk: Curb side : Cutout,Tree,2001-12-06 00:00:00 UTC
35204,18,Permit Number 38712,Sidewalk: Curb side : Cutout,Tree,1998-02-10 00:00:00 UTC
34119,3,Permit Number 37980,Sidewalk: Curb side : Cutout,Tree,1997-07-05 00:00:00 UTC
36638,21,Permit Number 39461,Sidewalk: Curb side : Cutout,Tree,1998-05-20 00:00:00 UTC
44657,67,Permit Number 43835,Sidewalk: Curb side : Cutout,Tree,2001-04-29 00:00:00 UTC
48247,111,Permit Number 45761,Sidewalk: Curb side : Cutout,Tree,2002-07-17 00:00:00 UTC
48158,268,Permit Number 45761,Sidewalk: Curb side : Cutout,Tree,2002-07-17 00:00:00 UTC
33091,2,Permit Number 37336,Sidewalk: Curb side : Cutout,Tree,1996-11-05 00:00:00 UTC
46294,17,Permit Number 44564,Sidewalk: Curb side : Cutout,Tree,2002-01-31 00:00:00 UTC
48117,285,Permit Number 45761,Sidewalk: Curb side : Cutout,Tree,2002-07-17 00:00:00 UTC
44573,137,Permit Number 43835,Sidewalk: Curb side : Cutout,Tree,2001-04-29 00:00:00 UTC
43486,1,Permit Number 43169,Sidewalk: Curb side : Cutout,Tree,2000-07-19 00:00:00 UTC
44592,120,Permit Number 43835,Sidewalk: Curb side : Cutout,Tree,2001-04-29 00:00:00 UTC
